{"type":"FeatureCollection","features":[{"type":"Feature","id":0,"geometry":{"type":"Polygon","coordinates":[[[11.432684355478269,49.912135480007748],[11.432691404729582,49.91213991979086],[11.432747788196671,49.912147551999261],[11.432778508706047,49.912156969134728],[11.432927222049754,49.912151884340588],[11.432985439056825,49.91216973019327],[11.433021129779592,49.912180000554969],[11.433057278262599,49.912213199996913],[11.433085830877154,49.912221416268842],[11.433114749720135,49.912247975806167],[11.433129386860019,49.912256484189847],[11.433145747371798,49.912310294060042],[11.433176728490201,49.912337837024438],[11.433205634439647,49.912373327351311],[11.433290203850326,49.912422486154163],[11.433306056626041,49.912450857688036],[11.433362440544071,49.912458489590172],[11.433383588628899,49.912471808808853],[11.433406732447924,49.912485261852019],[11.433488479055676,49.912482466369028],[11.433504248852849,49.912492398265194],[11.433572844521336,49.912490052450174],[11.433607656524291,49.912489780468412],[11.43365632868761,49.912488115952314],[11.433684178287825,49.912487898347699],[11.433711589496873,49.912486960909185],[11.433764899819616,49.912503302104525],[11.433839189552247,49.912520443913493],[11.433865122022789,49.912536776141508],[11.433993618465836,49.912544187680147],[11.434021435141966,49.912561706495744],[11.434106300771527,49.912568807978573],[11.434120399659815,49.912577687364973],[11.434180012605154,49.912585755873359],[11.434225344533269,49.912584205366279],[11.43426711900528,49.912583878750524],[11.434302013346088,49.912582685219895],[11.434358053171737,49.912599862701725],[11.434508890031486,49.912620277809829],[11.434558908693139,49.912651778834132],[11.434696510332621,49.912666143749817],[11.434696824544394,49.912682893719023],[11.434738823522611,49.91268145702464],[11.4347832361043,49.912690242737],[11.434823874544914,49.912715836012865],[11.434839401600433,49.912724861186419],[11.43489375061138,49.912723001955051],[11.434936557648138,49.912740455491061],[11.434965110880404,49.912748671289862],[11.434993125606168,49.912757258217887],[11.435096165645147,49.912786906450052],[11.435219214308935,49.91281529721666],[11.435240363053085,49.912828616085804],[11.435262910580807,49.912841721760842],[11.435310871248612,49.912840080896842],[11.435360861605766,49.912839689572841],[11.435388202316272,49.912856907887281],[11.435409195651388,49.912856189628414],[11.435431057736054,49.912856018476283],[11.435458680686146,49.912873414497341],[11.435515065402127,49.912881045339198],[11.435651351798265,49.912911117025047],[11.435670132677076,49.912922944520083],[11.435818689071095,49.912960032763181],[11.435839838041334,49.912973351519199],[11.435888237619221,49.912987277300466],[11.435948988276156,49.912943693151426],[11.435983593891081,49.912943422070214],[11.4359654772482,49.913011783720293],[11.435929210870233,49.913088235725851],[11.43591500856177,49.913119980063499],[11.435934053439711,49.913162204539475],[11.435962755596853,49.913195477566667],[11.435993374682123,49.913266462999282],[11.436023400787478,49.913293154240641],[11.436038859033296,49.913328991537902],[11.436070184119728,49.913365304945145],[11.436204429686404,49.913418190087071],[11.436254430518405,49.913432576258906],[11.436280993060363,49.913431667263502],[11.436295892868994,49.913431550504171],[11.436333138448152,49.913455005697735],[11.436378717659455,49.913438610469321],[11.436407742492914,49.913429184682883],[11.436463224552744,49.913446189643786],[11.43650440907699,49.913444780193466],[11.436532890454931,49.913462716078733],[11.43657341908971,49.913486272059643],[11.436702684041427,49.913503764577769],[11.436849792599977,49.913527935186025],[11.436871017382044,49.913527208745805],[11.436912964555242,49.913535505748193],[11.437011097756837,49.913542258083829],[11.437080886189918,49.913549969500934],[11.437095880103513,49.913549456289196],[11.43712299085481,49.913530005909521],[11.437220514597701,49.913529240939674],[11.437257771415052,49.913552702580482],[11.437402100606251,49.913561022844306],[11.437487304813274,49.91356857373453],[11.437513741246773,49.913567668774107],[11.437568772114368,49.913567236939805],[11.437582733309181,49.913557220477387],[11.437596792286637,49.913557110148915],[11.437635649207659,49.913555779976697],[11.437766649421032,49.91356738906476],[11.437834259163919,49.913588110057226],[11.43786096630949,49.913587195749891],[11.438106150213743,49.913599974646786],[11.438301778753932,49.913605354490102],[11.438323579561745,49.913604608061497],[11.438400167561978,49.913604006522753],[11.438490560360481,49.913600911498193],[11.438532335627315,49.913600583332297],[11.438622728407269,49.913597488204879],[11.438699445023635,49.913596885457942],[11.438728642237029,49.913586382224466],[11.438796273760637,49.913585850798192],[11.438837993483075,49.913584422191867],[11.438893291816212,49.913583987626524],[11.438921446222471,49.913573859462261],[11.438983707080338,49.913573370134877],[11.4390393333513,49.913571465233453],[11.439260045806996,49.913569730210469],[11.439283641914782,49.913584588508179],[11.439299170066796,49.913593613066332],[11.439339888751178,49.913592218561618],[11.43935538040377,49.913592096755046],[11.439437203779994,49.913617172537641],[11.439511456607761,49.913624920792927],[11.439536524625851,49.913624062237126],[11.439740509759138,49.913622457845669],[11.439787786840958,49.913636946298446],[11.43985149242279,49.913648828763719],[11.43991836496973,49.91366205399072],[11.44006991233292,49.913656863023093],[11.440094379732404,49.913639307729248],[11.440149876742126,49.913629323684937],[11.44016357370684,49.913619496124966],[11.44021190981324,49.913619115720941],[11.440232769659124,49.913618401164953],[11.44030284763639,49.913617849604478],[11.440301303945084,49.913599058864946],[11.440301074844951,49.913586921741917],[11.440356974588314,49.913597976684649],[11.440413360841967,49.913605605118171],[11.440428296787211,49.913615009878718],[11.440510666405569,49.91361218812326],[11.440525325676887,49.91362141864446],[11.440589902172595,49.913630155021515],[11.440611512258924,49.913656680460733],[11.440708305008627,49.913653364450767],[11.440736881991434,49.913662121808535],[11.440764293669149,49.913661182694071],[11.440778218760649,49.913661073033708],[11.440899266913393,49.913656925874008],[11.440931618255123,49.913666839809451],[11.440952868446809,49.913666111750132],[11.441019380751021,49.913693225100332],[11.441114920302716,49.913680619782667],[11.441141501407431,49.913680410374035],[11.441224284672467,49.913669488009504],[11.441310666225496,49.913658529894342],[11.441335436804131,49.913658334707627],[11.441377595833453,49.913638555618981],[11.441445847966245,49.913638017755112],[11.441487421731026,49.913627839510362],[11.44148524671215,49.913601371794684],[11.441498803002194,49.913582925347953],[11.441511069545886,49.913555500311574],[11.44156802497645,49.913536151251336],[11.441607069768116,49.913535843498515],[11.441667127283687,49.913521139861828],[11.441730544229511,49.913487907819409],[11.441799728692374,49.913464404073466],[11.44179711675098,49.913432621812667],[11.441796764831517,49.913414008381828],[11.441823701910396,49.913396169372454],[11.441837531696057,49.913365248687775],[11.441818830531899,49.913306147656989],[11.441887832376683,49.913286871339317],[11.441914922378821,49.913277125105736],[11.441942587159208,49.913267726578944],[11.441969677139248,49.913257980332844],[11.442056951807983,49.913242277762514],[11.442078732474599,49.913210704700305],[11.442120312867804,49.913201012927772],[11.442196293834018,49.913179221881677],[11.442285997158786,49.913146948685856],[11.442281384288451,49.91309082532473],[11.442282756701495,49.913080647548071],[11.4423379167592,49.913097550520973],[11.442350945765586,49.913078663549285],[11.442392717879601,49.913078334019616],[11.442405897188236,49.913068877203898],[11.442433561751157,49.913059478562786],[11.442446735876244,49.913050025452613],[11.442502231687165,49.91304004029822],[11.442542782917133,49.913021014658831],[11.442584279675128,49.913006916646829],[11.442624914222348,49.912992297055965],[11.442652578697494,49.912982898363744],[11.442665752758497,49.91297344522949],[11.442783114390991,49.912960332163507],[11.442835179574891,49.912941599893472],[11.442956327219532,49.912913361082559],[11.442982178047044,49.912894811469094],[11.443051589143947,49.9128845327444],[11.443099160024992,49.912840135339252],[11.443132357175038,49.912828856774929],[11.44314579478457,49.912819214375787],[11.443187435391403,49.912818885599478],[11.443230405832185,49.91281741251845],[11.443256210750118,49.912798895676332],[11.443329688553652,49.912798315447297],[11.443432677025738,49.912876795934068],[11.44349612413413,49.912874620748219],[11.443580978926104,49.912913448077312],[11.443598561693168,49.912962957921835],[11.443627116454357,49.912971171562099],[11.443655132774593,49.912979756370888],[11.443711518766481,49.912987383203372],[11.443753466553428,49.912995677719891],[11.443768191618281,49.912995172856789],[11.443793500769488,49.912958482495725],[11.443828312942086,49.912958207439502],[11.443849172426203,49.912957492237524],[11.443863520490103,49.912957378865684],[11.443863983697323,49.91298182379488],[11.443928006708267,49.912991814121234],[11.443947153957115,49.912964056437403],[11.443988792047598,49.912963727392103],[11.444015945611723,49.912962796348779],[11.444099872923838,49.912979391407404],[11.444121885144805,49.912978636630278],[11.444148760149149,49.912978424211495],[11.444300703864538,49.91307409054675],[11.444358656341041,49.913081928909094],[11.4444133923071,49.91309870072385],[11.444441947280627,49.913106914159904],[11.44448433395131,49.913124191272324],[11.444512888951486,49.913132404690451],[11.444570515665486,49.913158772270243],[11.444654317983126,49.913174399623841],[11.444731657875026,49.913202497871893],[11.444810410602908,49.91325208098089],[11.44485368274024,49.913260150210867],[11.444911780668381,49.913286733067473],[11.444940618945047,49.9133221260943],[11.44497221422176,49.913340485755363],[11.445076837874204,49.913381690561394],[11.445184385081275,49.913469247776391],[11.445254687592179,49.913476580267208],[11.445302689872271,49.913491288211752],[11.445326270325014,49.913520227853276],[11.445355735032008,49.913546413034766],[11.445370820204859,49.913564926603129],[11.445399300982153,49.913581476185499],[11.445414311556782,49.913608326137037],[11.445443608139255,49.91362534973041],[11.445444070669476,49.91364971590226],[11.445519344765446,49.913663752155934],[11.445622661443879,49.913716140667802],[11.445642062676049,49.913702218275823],[11.445684622569857,49.913719565152512],[11.445727548656208,49.913736470608882],[11.445811156190892,49.91377721282803],[11.445883862529044,49.913822987210693],[11.445920841640808,49.913833622996712],[11.446105009657828,49.913908686520358],[11.446174352315849,49.913935995066353],[11.446225972345339,49.91395084161843],[11.446268360381554,49.913968118055379],[11.446347342182303,49.913996182246883],[11.446410424599488,49.914014325380521],[11.446452450706165,49.914027201554944],[11.446552396245211,49.914055946740014],[11.446650457364331,49.914085990999851],[11.446680713860632,49.91409469296444],[11.44673425280933,49.9140928559884],[11.446777065196821,49.914110305064618],[11.44683345295253,49.914117930349605],[11.44687584134668,49.914135206558448],[11.447002263648709,49.914150348801215],[11.447058113046419,49.914158345166562],[11.44714233271616,49.914165382686313],[11.447268240055896,49.914180898701915],[11.447323313899652,49.914179008783577],[11.447338251339012,49.914188412629898],[11.447386531631365,49.914197414429189],[11.447478100482844,49.914194272037705],[11.447575766284814,49.914201391573592],[11.447629273659398,49.914199555268745],[11.447673598522632,49.914208317935554],[11.44771607060162,49.914216236665361],[11.447793299084578,49.914244291109135],[11.448005169910378,49.914341222706462],[11.448057790631928,49.914361944440927],[11.448130239910366,49.914395089978221],[11.448154244973644,49.914341403395532],[11.44818921888675,49.914318238500513],[11.448249891787608,49.914304093228566],[11.448287652752782,49.914290505430706],[11.448431886388788,49.914327235534891],[11.448502645839705,49.914343551994641],[11.448592372771484,49.914364875049152],[11.448714302924172,49.914402229472202],[11.448825469137583,49.914434198945223],[11.448926238595766,49.914442617762496],[11.448954061674176,49.914460132890881],[11.448998706642799,49.914477713275531],[11.449109228115269,49.914492656665473],[11.449262140568386,49.914519043400055],[11.449315645372014,49.914568158018383],[11.449406750007475,49.914585142512145],[11.449393190036144,49.914603598640639],[11.449380927751301,49.914631024443722],[11.449354174567041,49.914658396654055],[11.449342367673877,49.91469480841323],[11.449314559626753,49.914723259825095],[11.449327050384616,49.914874953832054],[11.449329298206667,49.914992860924428],[11.449298979575014,49.915034126373378],[11.449397215475686,49.915102986089686],[11.44946117699339,49.915114910150287],[11.449499157713994,49.91512654537167],[11.449763759354571,49.915222658383911],[11.450129248875816,49.915395558938378],[11.450227591395112,49.915457463957132],[11.450314195914265,49.915491565177803],[11.450472800675806,49.915577173864058],[11.450543865543505,49.915586781228498],[11.450608478170272,49.915596029907583],[11.450697177524388,49.915613561985317],[11.450783363066861,49.91564486633429],[11.450853669482495,49.915652195365723],[11.45095218157755,49.915677278904539],[11.451022943817591,49.915693593779515],[11.451050962983345,49.915702176753229],[11.451181099119969,49.915708531768644],[11.451318118488626,49.915750503902871],[11.45133228619085,49.915750017237905],[11.451403428937317,49.915784678409089],[11.451447865120677,49.915802174781128],[11.451481885436777,49.915823589100569],[11.451519366704652,49.915845364025458],[11.4515460441046,49.9158444476016],[11.451588443973815,49.915861725422467],[11.451617001753052,49.915869937044178],[11.451659393354056,49.915887211449814],[11.451702323404119,49.915904114627004],[11.451785560933113,49.91594466788542],[11.451809390179738,49.916086748360556],[11.451855670987579,49.916100055957969],[11.452195531595347,49.916313978483259],[11.452212397945349,49.916344137504808],[11.452299648350685,49.91642165673791],[11.452322250375149,49.916505938030404],[11.452362760181108,49.916564811601447],[11.452377775579158,49.916591660566382],[11.452422290489398,49.916627069813934],[11.452451918695509,49.916680047637144],[11.45248875681528,49.916712776723166],[11.452529464565693,49.916773511005928],[11.452636929702161,49.916756913170524],[11.452796443043349,49.916739077451268],[11.452980711692694,49.916855059700985],[11.453047175350594,49.916874169542886],[11.453117857764658,49.916899840248725],[11.453155935960813,49.91691078855429],[11.453175348996794,49.916934605782878],[11.453218280500792,49.916951508373771],[11.453232666419078,49.916960563035843],[11.453273853231183,49.916959147589047],[11.453302423571127,49.916967898476607],[11.45334489894033,49.916975815089764],[11.453366744567653,49.917002616581819],[11.453401785635281,49.917001412303634],[11.45343835464088,49.917001120312342],[11.453542200319591,49.917025792105804],[11.453600158891502,49.917033625748076],[11.453668912635772,49.917054684231196],[11.453712880905384,49.917067325764869],[11.453740113593593,49.917066389762212],[11.453768060947514,49.917083979853203],[11.453894849746625,49.917090111280132],[11.453922235109227,49.91707045639432],[11.454122350764131,49.917068857495636],[11.454151034073512,49.917175798263187],[11.454232549099187,49.917395821003112],[11.454323039643308,49.917568298836251],[11.454423954841481,49.917626919229427],[11.454527000820121,49.917691774388288],[11.454583600149711,49.917761209924805],[11.454903077595956,49.917971207311474],[11.454945084348664,49.918022739885828],[11.455034769704129,49.918094072520994],[11.455073686156377,49.918116677943701],[11.455122286263565,49.91816127943968],[11.455230959150198,49.918239506764152],[11.455265586260133,49.918249461756453],[11.455326748013793,49.918287954432515],[11.455348712242676,49.918300712657356],[11.455364543722753,49.918310676311449],[11.455392477121979,49.918344943379992],[11.455469082953101,49.918402265275674],[11.455710502355126,49.918542495565198],[11.455800909638084,49.918559343130923],[11.455875803378076,49.918532389428499],[11.455956899288877,49.918548413539519],[11.45602786849139,49.918511213122848],[11.456112895908706,49.918467654553687],[11.456158250266968,49.918452240839436],[11.456222536156039,49.918384160471234],[11.4563062049655,49.91834964543402],[11.456367318845542,49.918328875649046],[11.45643504319886,49.918304501614521],[11.456492133014647,49.918285099326383],[11.456598680033276,49.918229248694182],[11.456733859890839,49.918159996067736],[11.456840641729716,49.918115945571103],[11.456912794669545,49.918115367289943],[11.456926747880587,49.918105352255516],[11.456940495404231,49.918096245163056],[11.45695366796944,49.918086790433271],[11.457034473923892,49.918050079917236],[11.457061974471845,49.918030341072274],[11.457089469420151,49.918012126854897],[11.457102641933256,49.918002672108834],[11.457140520563875,49.917977579103471],[11.457238899862228,49.917936994263691],[11.45725207232552,49.917927539501264],[11.457294421558732,49.917908299840278],[11.457334808112515,49.9179079760044],[11.457349996320328,49.917907453507183],[11.45743024993798,49.91786978838109],[11.45745791416414,49.917860386163099],[11.457473251818135,49.917838142532943],[11.457556810081195,49.917818655520279],[11.45760972723866,49.917834860949519],[11.45765063468542,49.917820137624737],[11.457678298838713,49.917810735355133],[11.457705919799785,49.917800794051573],[11.457733488836709,49.917800572895842],[11.457824216614682,49.917783491877877],[11.457843609693704,49.917740101573322],[11.457956422052218,49.917723382042013],[11.458008461316091,49.917722964471423],[11.458034821325269,49.917704043643752],[11.458063579953695,49.917694269248486],[11.458117630443525,49.917693835489295],[11.458156989373894,49.91766558411998],[11.458255497776847,49.917654564941046],[11.458254713628314,49.917645064056366],[11.458282789693483,49.917626464138216],[11.458351417852594,49.917625913258675],[11.458400093955349,49.917624238286557],[11.458422549818572,49.917624058014667],[11.458477975435164,49.917641031203082],[11.458512342601196,49.917639848574247],[11.458639209554496,49.917638829927313],[11.458659715240465,49.917663982816443],[11.458733975947736,49.917671718505972],[11.458771767701906,49.917670417947804],[11.458814171685548,49.917687693057026],[11.458857449971875,49.917695756957336],[11.458900632824546,49.917722932185619],[11.459010456661543,49.917719152538787],[11.459110273984031,49.917744559131762],[11.459151496526935,49.917743140373446],[11.459193274964655,49.917742804708048],[11.459247973434747,49.917740922105551],[11.459277084565812,49.917749836641072],[11.459367795114282,49.917762092112866],[11.459394995916568,49.917742567077738],[11.459416171370799,49.917728538299023],[11.459478126222562,49.9177280403811],[11.459540709842438,49.91772588623212],[11.459568693240207,49.917725661309575],[11.459632323135775,49.917695796171607],[11.459748108324572,49.917694865388434],[11.459763580371899,49.917694332802235],[11.459830173368024,49.91767036308638],[11.459913419144179,49.917655372830268],[11.459925676115937,49.917627946004288],[11.459981173236189,49.91761795246201],[11.459993890157458,49.917599507823446],[11.46001491583635,49.917599338743827],[11.460042730690066,49.917598381220884],[11.460063619837603,49.917598213230384],[11.460115216386408,49.917596436998345],[11.460136185283115,49.917549515377438],[11.460185807342462,49.917532648775321],[11.460212895848702,49.917522898290613],[11.460254476049057,49.917513200016998],[11.460268686855722,49.917502999052793],[11.460337379869921,49.917502446476512],[11.460379102052649,49.917501010074858],[11.460527116936317,49.917499819230628],[11.460547408902638,49.917525851303552],[11.460467986894516,49.917578470277476],[11.460441633837045,49.917616693435882],[11.460427131905435,49.917626301279228],[11.460432352033777,49.917689514706943],[11.460490403441709,49.917768884170371],[11.460505925946705,49.917805595328161],[11.460479868670461,49.917841072551276],[11.460454654894033,49.917887644065225],[11.460493031087992,49.917932092836686],[11.460544977326251,49.917956633093013],[11.460623146635593,49.917864866638411],[11.460655354822187,49.917864607456096],[11.460687295699959,49.917863507721101],[11.460699374077761,49.917760208764655],[11.460697499308273,49.917737507736611],[11.460711325093525,49.917718683629268],[11.460765545492102,49.917700253761723],[11.460857826858604,49.917667036625637],[11.460875111868511,49.917641965655392],[11.460871553891419,49.917598884893586],[11.460884143161506,49.917562191597831],[11.460938683960967,49.91754365266285],[11.460950448428317,49.91749655923519],[11.460946824962074,49.917452686155329],[11.461004328191848,49.917470294110473],[11.461093393366719,49.91748688756838],[11.461144540586371,49.917485126346669],[11.461186318761255,49.917484789966323],[11.461248901956962,49.917482634900658],[11.461297241133515,49.917482245648955],[11.461324861133448,49.917472303496382],[11.461370247723123,49.917462523989016],[11.461438863054887,49.917518355763036],[11.461545631741057,49.917530584231002],[11.461586740483078,49.917456212051057],[11.461603774001889,49.917466930626148],[11.461604133847002,49.917485554831806],[11.461649806990938,49.917538453755029],[11.461745613903675,49.917535154227572],[11.461827933281359,49.917554704850929],[11.461855781438519,49.917604479175857],[11.461931340700191,49.917612348007651],[11.461973279582228,49.917620632686656],[11.462029673585432,49.917628250475389],[11.462084080734199,49.917678171898928],[11.462128643898891,49.917662130509676],[11.462171075854959,49.917652413452899],[11.462171959878775,49.917698138794741],[11.462262353197783,49.917722259264124],[11.462297022128032,49.917685536756075],[11.462338534322077,49.917685202103272],[11.462353525292954,49.917674440546442],[11.462454942055565,49.917673622894121],[11.462516250232609,49.917608682708746],[11.462534687481037,49.917692483244494],[11.462534979111922,49.917707561703367],[11.46253572737988,49.917716618087084],[11.462513391323236,49.917781726419918],[11.462662680827556,49.917840485575681],[11.462723033124558,49.917838406569729],[11.462850315094666,49.917880863480164],[11.462920626341893,49.917888185111607],[11.462948648803899,49.917896765154673],[11.46300504326762,49.917904382461273],[11.463033065753379,49.91791296248352],[11.463062756706378,49.917921496041266],[11.463096274724045,49.917920341307074],[11.463211420942702,49.917919412214758],[11.463288888268984,49.917950967560778],[11.463312767206295,49.917933825255851],[11.463348143774958,49.917924257714724],[11.46341111864035,49.917949909638715],[11.463425290790816,49.9179494213505],[11.463448805917492,49.917964217677572],[11.463566755211657,49.91799139619372],[11.463581711234244,49.918009738629323],[11.463697614680111,49.918061488182083],[11.463724152780701,49.918078186479249],[11.463753441171862,49.918095195280543],[11.463824009251288,49.918139597971724],[11.463881548971996,49.918137615282362],[11.463907353746292,49.918119090222945],[11.463958831758626,49.918107081638496],[11.464019614298289,49.91813487484805],[11.464062092314276,49.918142787489707],[11.464120000924499,49.91816926647973],[11.464172690748102,49.918131440599794],[11.464207680214496,49.918119546218051],[11.464256578745069,49.918134517441217],[11.464313186364496,49.918114139200732],[11.46436807245081,49.918136495546001],[11.464423890409192,49.918125983493752],[11.464509105060603,49.91816069320695],[11.464509717316309,49.918192281568452],[11.464469069667494,49.918206099516816],[11.464456482222602,49.918226998852873],[11.464528903691722,49.918259333269269],[11.464590238183035,49.918257219448471],[11.464651973637274,49.918256720532426],[11.464691146468297,49.918242618524523],[11.464750974447334,49.918254435314765],[11.464778843166636,49.918253474802682],[11.464779380335829,49.918281181064152],[11.464752449267293,49.918299025308748],[11.464740194897571,49.918326452603615],[11.464726448813696,49.918335560599829],[11.464714434846385,49.91836770146012],[11.464756852755219,49.918379892043454],[11.464804865604663,49.918394591735328],[11.464843179053117,49.918441577959122],[11.464939309975286,49.918438264651606],[11.464983380104561,49.918456214956088],[11.465011941590369,49.918464423216065],[11.465036423973171,49.918479827338821],[11.465124652523633,49.918489012883462],[11.465180698906371,49.918506171872842],[11.465237822010694,49.918522588286294],[11.465428955017334,49.918628824084372],[11.465488261178626,49.918666138478549],[11.465524872881844,49.91868739890127],[11.465661741788884,49.91877970133865],[11.465711198121193,49.918808420427411],[11.465741154134445,49.918835903080108],[11.465977379805164,49.918989222958828],[11.466041990426406,49.919014649902095],[11.466174604538965,49.919118073747264],[11.46623222072032,49.91917628357978],[11.466289654762333,49.919227288692888],[11.466343441037548,49.919293245815062],[11.466394293253323,49.919343571359548],[11.466411236649986,49.919364348634936],[11.466439445113558,49.919414755248731],[11.466455007552934,49.919441230966555],[11.466476477909618,49.919521196642719],[11.466517223542109,49.919557380870792],[11.466517738991687,49.919583915561532],[11.466519291284806,49.919602683327611],[11.466547684936144,49.919619170734784],[11.466576286327244,49.919654243525848],[11.466601036507672,49.919668615233178],[11.466696995961257,49.919650541938672],[11.466714872622159,49.919624608369134],[11.466902864473848,49.919602035678075],[11.466933805592378,49.919557149180783],[11.466966024570983,49.919546195931161],[11.467041474328576,49.919492028070927],[11.467070675652701,49.91948228156626],[11.467104605212599,49.919523887500205],[11.467126885061624,49.919507892015318],[11.467143011091256,49.919497206657411],[11.467196195505549,49.919479609799666],[11.467223861607218,49.919497015689963],[11.467238876757463,49.919496497870945],[11.467265461458702,49.919477411700711],[11.46732049827704,49.91947696564106],[11.467335379690123,49.919476452421591],[11.467367769231709,49.919453198662879],[11.467395260996446,49.919434982050937],[11.467415017242082,49.919420798214233],[11.467484840429556,49.919401276466125],[11.467548623524724,49.919355483726655],[11.467592557316598,49.91934523371399],[11.467608575100579,49.919281079909169],[11.46767282771507,49.919280558966776],[11.467768438645569,49.919262550221653],[11.467785089260738,49.919225278399196],[11.467864475784596,49.919213505964976],[11.467905564092327,49.919194216961081],[11.467902626712196,49.919158714911624],[11.46793139724759,49.919149111857209],[11.467960240575509,49.919184480105535],[11.46796816822137,49.919193126991487],[11.467985770848189,49.919138778580006],[11.46802689179531,49.919120091695483],[11.468039603444259,49.919101649908647],[11.468068189648854,49.919072388648111],[11.468062383528446,49.919002216696391],[11.468090984527866,49.918983264560225],[11.468155993870555,49.918982737214385],[11.468175111746005,49.919026979494319],[11.468203674086531,49.919035186953643],[11.468231949601243,49.919043842679187],[11.468243769986929,49.919007346306586],[11.468257515579159,49.918998237901242],[11.46827022710878,49.918979796090561],[11.46828478588183,49.918970670364793],[11.468316080136763,49.918990358520752],[11.468369871983002,49.918977176096931],[11.468363938043154,49.918905464557653],[11.468412837183134,49.91890506778406],[11.468434405092234,49.918904323756017],[11.468432177055336,49.918877398384296],[11.468466585485846,49.918858851475903],[11.468491494179236,49.918916493994132],[11.468533103489507,49.918901513253857],[11.468557894944379,49.918883713694427],[11.468571640441706,49.918874605253102],[11.468583892749404,49.918847177586187],[11.468600340933696,49.918836278195712],[11.468592295534933,49.918739054867402],[11.46860604638006,49.918729942847747],[11.46863221562481,49.918702218765063],[11.468645961057407,49.918693110315637],[11.468658213280332,49.918665682641411],[11.468687234626239,49.918656248825968],[11.46875359639172,49.918676563363285],[11.468833858216476,49.918656893632964],[11.468855355740407,49.918706641478281],[11.468951764966743,49.918719658261935],[11.468970687223218,49.918742860558808],[11.469024837742364,49.918729589823563],[11.469021521429754,49.91868951857375],[11.46902125756877,49.918675970781145],[11.469000645241229,49.91857786176633],[11.469029667672585,49.918567994372694],[11.469054806726161,49.918549944886557],[11.469073993853447,49.918621393520453],[11.469115914047684,49.91861994715137],[11.469144804777354,49.918714713699693],[11.469232143351771,49.918698261712201],[11.469274302136226,49.91869791931726],[11.469269075373715,49.918634767814872],[11.469325951128539,49.918624651746484],[11.469353611941839,49.918642053643389],[11.469369445864132,49.918651247458293],[11.469442588582174,49.918648723624955],[11.469470052252719,49.918697793910951],[11.469471369470842,49.91876539324732],[11.469472878258269,49.91878362194899],[11.469580653730725,49.918779902984888],[11.469636933041945,49.918797130525597],[11.469676080611611,49.918805919567319],[11.469700678149129,49.918770231638696],[11.469799132587315,49.918757718025859],[11.46981668707439,49.918703511191396],[11.469850881629124,49.918680851347624],[11.46987203700953,49.918694160362584],[11.469901283089769,49.91869315108795],[11.46995432866065,49.918674051977931],[11.470107243474635,49.918661977558401],[11.470134330519402,49.918652224777034],[11.470189826519629,49.91864222636174],[11.470202996582367,49.918632770163732],[11.470230658643754,49.918623364928806],[11.470243369318901,49.91860492291346],[11.470354533006628,49.918593737982626],[11.470400360885675,49.918582506230699],[11.47045218666047,49.9185638459766],[11.470533156081521,49.918544952734237],[11.470546331218564,49.918535492787228],[11.470560529307713,49.91853537731766],[11.470572680743338,49.918497852621257],[11.470670027455135,49.918497060867864],[11.47068044126641,49.918433686082331],[11.470733540384998,49.918421295899016],[11.470798475059309,49.918462146040724],[11.470876196703463,49.918447504326423],[11.47093169230366,49.918437505561414],[11.4709864183645,49.918417800651454],[11.471041978679265,49.91841734857308],[11.471083701193008,49.918415908310592],[11.471125346066982,49.918415569425726],[11.471138779485591,49.918405923850258],[11.471166441228425,49.918396518396356],[11.471179151486105,49.918378076284021],[11.471208172146145,49.918368641846875],[11.471249664141189,49.918394744004729],[11.471293073255056,49.918407216512264],[11.471333156191665,49.918392783902604],[11.471388651626913,49.918382784921064],[11.47140823057207,49.918354376357001],[11.471507869118104,49.918353565245916],[11.471524563886188,49.918316186927029],[11.471581336524071,49.918315724721168],[11.471620359750723,49.918287704524133],[11.471641382986169,49.918287533352583],[11.47170725218602,49.918285259193681],[11.47176248542932,49.91826537112086],[11.471842831790203,49.918247161290211],[11.471948795621092,49.91827959546935],[11.471966896433301,49.918253331058487],[11.471980585213709,49.918234686422494],[11.472022222185142,49.91823434728073],[11.472019317865552,49.918199280020211],[11.471970709296349,49.91805552632232],[11.471953843887423,49.91799273686523],[11.471914372775016,49.917868265547526],[11.4719887080101,49.917857239116564],[11.472015794213837,49.917847485906769],[11.472057372168244,49.917837783430421],[11.472092867653604,49.917825002168982],[11.472124340576483,49.917955388505526],[11.47214913810075,49.917997567179931],[11.472172448633609,49.918094137482235],[11.47219962319412,49.918167406884102],[11.472231702939652,49.918272612161488],[11.472248729435622,49.91831028915729],[11.472316796591217,49.918550731538645],[11.472316994932573,49.918560879791833],[11.472332566150401,49.918587364677421],[11.472348052986819,49.91862319666734],[11.472377760694858,49.918657591863997],[11.472395306241808,49.91871513102803],[11.472396263287482,49.918764094212641],[11.472413191350897,49.918801552669152],[11.47241352415976,49.91881857903558],[11.472431857679153,49.91888432839847],[11.472432517300053,49.918918073481301],[11.472447456394859,49.918926746953233],[11.47246386301957,49.918980550517425],[11.472481419639163,49.919035911526677],[11.472482250562129,49.919078417503847],[11.47251258642464,49.919113539469173],[11.472529646869843,49.919177050533598],[11.472546132159916,49.919221496977826],[11.472578755216849,49.919319932613988],[11.472611916706743,49.919417996929852],[11.472645137918647,49.919518236525022],[11.47264561975609,49.919542880025332],[11.472664750156564,49.919575417530915],[11.472716850174839,49.919732619530798],[11.472791762377893,49.91992542996713],[11.472793844501881,49.920031900423744],[11.472813508820364,49.920054666497272],[11.472800592437432,49.920115648166785],[11.472802355383443,49.920136928902942],[11.472842471126686,49.92024508177979],[11.472866392651939,49.920312308315467],[11.47290705823379,49.920421942708536],[11.473051147846904,49.92065001945798],[11.473066175996793,49.920676865531682],[11.47323253139108,49.920883079378825],[11.473288547072388,49.920932813257714],[11.473303115465527,49.920950673507683],[11.473395670755245,49.921039048444548],[11.473472897906245,49.921107614478892],[11.473591234452714,49.921201681269132],[11.473710559202686,49.921283631510576],[11.473739505613352,49.921310180451087],[11.473983737239598,49.921448717449515],[11.473997845930482,49.921457591821444],[11.474021689887238,49.921471434004602],[11.474226780784223,49.921569468004172],[11.474340637368964,49.921624897222593],[11.47445314650669,49.92163660047698],[11.4745099290993,49.921662554961884],[11.474585737094303,49.921680013466272],[11.474765512028124,49.921756049879157],[11.474931192465906,49.921825428908434],[11.475001220754317,49.921852978789026],[11.475218029813513,49.921946789630418],[11.475306818367692,49.921987372387747],[11.475470405797948,49.922058652334954],[11.475511995288038,49.922132937273872],[11.475495972659004,49.92215476169163],[11.475498591645676,49.922186352523013],[11.475693481308086,49.922271270900588],[11.475712428916804,49.922289545961029],[11.475672712874204,49.9223302064945],[11.475660258568197,49.922353629507903],[11.4757320116173,49.922417329490159],[11.47574783738402,49.922436729056358],[11.475793190692364,49.922489228488914],[11.475793899461559,49.92252535158169],[11.475811054554445,49.922545209676677],[11.475812868387742,49.922637651150602],[11.47581630061403,49.922679047574839],[11.475884157266456,49.922718437531856],[11.475910918642978,49.922868773470569],[11.475939989242953,49.922918207346555],[11.475955019736091,49.922945053001079],[11.475971878466154,49.922964567758726],[11.475973604418252,49.923052513301805],[11.475976582644524,49.923088432099469],[11.475976759113015,49.923097423934053],[11.475978162609682,49.923114350730359],[11.475962955632841,49.923201619666123],[11.475985283537989,49.923251013166698],[11.476014490023045,49.923267966898344],[11.476015333269045,49.923310931703718],[11.476034914933324,49.923410970215478],[11.476035566803588,49.923444183120807],[11.476054044082673,49.923502427013553],[11.476054537212759,49.923527551443676],[11.476058421140328,49.923574391792684],[11.476115553025306,49.923625109684892],[11.476139904442602,49.923668602226485],[11.47618790803311,49.923677537589889],[11.476216518846822,49.923712607836912],[11.476245815009834,49.923729613347554],[11.476264073354884,49.923751993799151],[11.476248829918019,49.923784183327975],[11.476236105661323,49.923812675770073],[11.476239698291067,49.923856000717805],[11.476225138306816,49.923865649900435],[11.476198008233794,49.923885130605498],[11.476199801902995,49.923906761345449],[11.476200453257093,49.923939941207067],[11.476147154611668,49.923975263124916],[11.476135364134464,49.924047059345874],[11.476191924267873,49.92407989055674],[11.476156365837845,49.924154978410535],[11.476146879996842,49.924236321394979],[11.476124834689822,49.924266348714973],[11.476107914729893,49.924291653040221],[11.476136636773196,49.924308325130283],[11.476151252242603,49.924327062414811],[11.476110824140513,49.924353854570285],[11.47609771677247,49.924364541253624],[11.476130526706159,49.924420331488498],[11.476116117144446,49.92446236550181],[11.476117930105698,49.924484228964239],[11.476119384986642,49.924558344086698],[11.476141741593448,49.924584221834074],[11.47612325930195,49.924596470194992],[11.476116924461888,49.924763787687354],[11.476120878497969,49.924811471036762],[11.47610967949978,49.924875738544593],[11.47612693312211,49.924913905066063],[11.476128439689237,49.92499065051863],[11.476048979260703,49.925063113489699],[11.476051817578997,49.925097342225989],[11.476052083721974,49.925110900673587],[11.476069208940018,49.925164880458809],[11.476038189369266,49.925207130488026],[11.476089852301035,49.925237118363462],[11.476074745471051,49.925281185588887],[11.476077358005178,49.925312691071156],[11.476078064047579,49.925348658394675],[11.476079187335054,49.925362204487129],[11.47606669372418,49.925398648744554],[11.47601166531248,49.925399098936317],[11.475985221287013,49.925418086338389],[11.475926336999093,49.925428697011363],[11.475906443700808,49.925528246791934],[11.475879323346444,49.92554621921186],[11.475867073647962,49.925573647584152],[11.475853327697244,49.92558275688922],[11.4758401569184,49.925592213730965],[11.475812492056244,49.925601620338433],[11.475784855260798,49.925611571470917],[11.475788540769324,49.925656019106583],[11.475760040045834,49.925665709895092],[11.47574686922631,49.92567516672672],[11.475714687574264,49.925686109081319],[11.475624407043531,49.925707176608832],[11.475400246687297,49.92570900947301],[11.475374716192452,49.925746053575232],[11.475249183619656,49.925757580711199],[11.475236216237034,49.925776395942812],[11.47518101318852,49.925776847170575],[11.475153446649131,49.925787317460923],[11.475182367924063,49.925804105080012],[11.475154513371987,49.925813575944368],[11.475142423222939,49.925850917761501],[11.47508883279898,49.925886430691129],[11.47507635143276,49.925914376501503],[11.475062605234873,49.925923485716005],[11.47504943420746,49.925932942471142],[11.475021768991708,49.925942348894615],[11.475003586522245,49.925968730724378],[11.475080051348376,49.925982963905845],[11.47515288281436,49.926012615223542],[11.475180457167458,49.926047965834414],[11.475154406561886,49.926083446215067],[11.47514169591695,49.92610188874874],[11.475127368057493,49.926121402954287],[11.475100742971845,49.926139046588446],[11.475069428462483,49.926184482269143],[11.475049499635967,49.926211624742933],[11.475036787031232,49.926240088064162],[11.474996585584991,49.926266728204752],[11.474934880575077,49.926356258232033],[11.474892141912763,49.926384579555965],[11.474878506667833,49.926404363335884],[11.474865215542176,49.926422465263229],[11.474865973720936,49.926431610874133],[11.474852682583405,49.926449712800149],[11.474833616300851,49.926477376553748],[11.474800401163005,49.926522613945011],[11.474774979371491,49.926559498938488],[11.474732515946746,49.926617331817035],[11.4746953142377,49.926641983749036],[11.474696437992902,49.926655539650334],[11.474696722224127,49.926670038984149],[11.474658349698348,49.926722300032495],[11.47464545425527,49.926751171877896],[11.474631707741834,49.926760281044949],[11.474606458428678,49.92680597800225],[11.474569768585344,49.926855947052971],[11.474483412492637,49.926871506443099],[11.474457489168927,49.926890118660175],[11.474436869284546,49.926903782378112],[11.474408331216827,49.926924271867939],[11.474369175348039,49.927026741635643],[11.474341558249382,49.927149072432748],[11.47436330784852,49.927174247541124],[11.474365790808285,49.927300949555004],[11.474342169399042,49.927369843948746],[11.474345098239782,49.927405177000466],[11.47434571497462,49.927436648424091],[11.474346831501183,49.927450117984996],[11.474347007711769,49.927459109820255],[11.474349985120575,49.927495028649005],[11.474350689967894,49.927530995989677],[11.474353332451271,49.927562874254264],[11.474342604389653,49.927649209339592],[11.474302374706792,49.927675866949556],[11.474289690230556,49.927694834447372],[11.474319569320418,49.927712177718888],[11.474320609624666,49.927765263929501],[11.474336015520526,49.927783095989859],[11.474350766240764,49.927804465858131],[11.474277574191282,49.927871205379525],[11.474189446991895,49.928030694406168],[11.474158192303262,49.928100667654803],[11.474137329804675,49.928129079799895],[11.474118262480046,49.928156743444731],[11.474104975722096,49.928174838326569],[11.474092264150826,49.928193280753469],[11.474078977373473,49.9282113756325],[11.474036667577948,49.928282130759435],[11.473853678887604,49.928560585587384],[11.473767914569143,49.928667794425593],[11.473755662936062,49.928695222591358],[11.473715916814191,49.928740868890891],[11.473633264634719,49.928842677921139],[11.473354975984227,49.929277985989813],[11.47334223893972,49.929387145994184],[11.473414287945621,49.929407840834067],[11.473542369536117,49.929428237606245],[11.473626271658786,49.929444798143578],[11.473711250624149,49.929460615991921],[11.47389284568097,49.929499191788345],[11.474035093405321,49.929525669123329],[11.474134177742972,49.929549183136153],[11.474134764632911,49.929579134477535],[11.474081177809124,49.929614641431222],[11.474014626564999,49.929670215374991],[11.474000879118972,49.929679324477377],[11.473975627778026,49.929725021308386],[11.473949801176007,49.92977037058742],[11.473915273380909,49.929847668190689],[11.473845343587223,49.92990753389082],[11.473830556037337,49.929928987296861],[11.473807552475408,49.929980485086773],[11.473754805618197,49.930044400030098],[11.473730474282819,49.930108068353924],[11.473701777584338,49.930158456384987],[11.473672003864305,49.93019900222609],[11.473640223238773,49.930245108183904],[11.473613648258546,49.930281297847436],[11.473575396337253,49.930345263201261],[11.473549753715185,49.930380183038736],[11.473536856707478,49.930409054768973],[11.473511029347367,49.930454403957114],[11.473488365626057,49.930545203325011],[11.473460870039563,49.930563421411406],[11.473448157624134,49.930581863773952],[11.473412493815218,49.930618367272103],[11.473395682119438,49.930656002134505],[11.473397157843829,49.930673807507489],[11.473445258418717,49.930701726255336],[11.473427391875733,49.930726056441159],[11.473410136110871,49.930751089892205],[11.473443891518285,49.930770682320329],[11.473458463067734,49.930788542477394],[11.473473112865129,49.930797045547735],[11.473500999841876,49.930831226183649],[11.473533806008883,49.930860346804671],[11.47352135483953,49.930931770754938],[11.473494455342252,49.930949593762087],[11.473553917859736,49.93099405383817],[11.473582251653202,49.931028781888187],[11.473646197751298,49.93107659413306],[11.473628855371128,49.931127169227459],[11.47357206856921,49.931146474379148],[11.473547698354608,49.93116497873698],[11.473576423711021,49.931181651395121],[11.473605376179126,49.931208200239226],[11.473634123260739,49.931224885465397],[11.473649438858132,49.931252237890597],[11.473669818962552,49.931275826196348],[11.473691651527549,49.931260152729322],[11.473706212869306,49.931251026299627],[11.473733882619456,49.931268426983252],[11.473748532612728,49.931276930015194],[11.473762644198146,49.931285804359298],[11.473791214763679,49.931294010301677],[11.473820571728034,49.931312471964233],[11.473821254925996,49.931347346201285],[11.4738447191292,49.93136096504864],[11.473906721608012,49.931372505469589],[11.473921856714764,49.931399535155819],[11.474001694506313,49.931396777571273],[11.474047412313899,49.931403963408869],[11.473977767513203,49.93151400105765],[11.473937018568574,49.931569491990636],[11.473905237344235,49.93161559802099],[11.473865489062131,49.931661244385062],[11.473852776529041,49.931679686790837],[11.47381227817594,49.931726194389697],[11.473788235873752,49.931780015700546],[11.473721344092562,49.931848481433335],[11.47372324011512,49.931871355233191],[11.473709486605664,49.931880467883147],[11.473675538662865,49.931916428947922],[11.473709377766701,49.931955594326318],[11.473673249197832,49.931979531938921],[11.473659611951774,49.931999315589458],[11.47363286012779,49.932017040440705],[11.473634376553013,49.93203533505686],[11.473601141301339,49.932080593034378],[11.473582072188243,49.932108256602049],[11.473568323981377,49.932117365661355],[11.473543707443628,49.932153076805257],[11.473502401573056,49.93219073711478],[11.473487085813311,49.932225022287426],[11.473434313682155,49.932237334301057],[11.473407389362418,49.932256662596735],[11.473383384107398,49.932310399338171],[11.473344551172625,49.932336128368149],[11.473307480720434,49.932375396319934],[11.473238537427903,49.932475410579222],[11.473185787202729,49.93253932529106],[11.473173074188344,49.932557767627152],[11.473159785921197,49.932575862411767],[11.473147072887665,49.93259430474518],[11.473107323107408,49.932639950865216],[11.473016145565616,49.932759018709582],[11.472845927166169,49.932978364343775],[11.472713921891012,49.933150745847726],[11.472624738496103,49.933280117092302],[11.472597759876315,49.93329799126046],[11.472584630383516,49.933327380402233],[11.472545696821349,49.93338039475757],[11.47244537179834,49.933548141946964],[11.472406939651739,49.93365358186783],[11.472394110826778,49.933680662345175],[11.472370696060576,49.933762301951376],[11.472340260854335,49.93386543365277],[11.472278939688618,49.934111069122324],[11.472267944395361,49.934205277212101],[11.472249258269645,49.934230720700327],[11.472231867085092,49.934336551235113],[11.472234458362044,49.934367821984608],[11.472234810140794,49.934385805653093],[11.472236298366903,49.934403765083729],[11.472236946922717,49.934436920463732],[11.472254850290335,49.934493355386117],[11.47224199253699,49.934520496295171],[11.472220253796749,49.934607574146128],[11.472203111853919,49.934657556918545],[11.472139506850535,49.934782305208948],[11.472061369853112,49.934910312965378],[11.47196101679376,49.93502124569774],[11.471948302687615,49.935039687909196],[11.471901049282415,49.935093946050145],[11.471825843146998,49.935170912404423],[11.471802235688914,49.935186552152423],[11.471786285134712,49.935209688724306],[11.47167354232781,49.935284379642532],[11.471612850596323,49.935298537425702],[11.471572292798653,49.935317573279804],[11.47151683548692,49.935330509949111],[11.471462758328911,49.935355891041247],[11.471430569290694,49.935366832301632],[11.471352476196813,49.935385049143015],[11.471325380144997,49.935394802321461],[11.471242657406924,49.935422920135693],[11.470989385885279,49.935477473061162],[11.470823280346297,49.935507390978238],[11.470455375603404,49.935557096710689],[11.470391807158764,49.935569068001463],[11.470315286769635,49.935550908358806],[11.470288002534334,49.93555184984173],[11.470224191834012,49.935552368789985],[11.470130993598245,49.935564684633114],[11.470079496674892,49.935565103371147],[11.470052379395984,49.935574863765126],[11.470011901211484,49.935575192880769],[11.469968528410179,49.935585819258684],[11.469925562360833,49.9355861685709],[11.469699850396793,49.935621052631646],[11.469486552859365,49.935661219378517],[11.469416580171842,49.935678362352306],[11.469357300775396,49.935689038519399],[11.469278739870028,49.935708285451128],[11.469118931997798,49.935745560295807],[11.469086130701861,49.935757366153346],[11.468975426929951,49.935783187368415],[11.468797360010134,49.935831073509775],[11.468631932596351,49.935874806877109],[11.468506191063611,49.935910887352968],[11.468384552885089,49.935943043963263],[11.468353154789764,49.935954344475661],[11.468116834568837,49.936025116978165],[11.467973151716841,49.936068926144486],[11.467876787752152,49.936097784582266],[11.46764657493744,49.936168991953885],[11.46760276768528,49.936184758215639],[11.467479018315336,49.936223194859409],[11.466928965387183,49.936408677465153],[11.466482736148096,49.936569270064801],[11.466124884675583,49.936719961411114],[11.46602897715084,49.936757804158525],[11.465988415876069,49.936776838105857],[11.465947279325068,49.936795524453601],[11.465906717985908,49.936814558373172],[11.465879044752352,49.93682396271879],[11.465773278110579,49.936868500279282],[11.46573673391798,49.936894726616458],[11.46571442353703,49.936909504148062],[11.465661335921599,49.936927545046231],[11.465648160090753,49.93693700078947],[11.465632725205088,49.936947224228064],[11.465579637516809,49.936965265089775],[11.465498514226736,49.937003332665469],[11.465443167368869,49.937022141160405],[11.465368804169977,49.937057036355156],[11.465184148433389,49.9371355967548],[11.465170972451824,49.937145052445722],[11.465143298881511,49.937154456620206],[11.465106565575383,49.937167675668348],[11.464960498679615,49.937229181518184],[11.464857180062582,49.9372776632623],[11.464815583970866,49.937287363399612],[11.464782839971356,49.93729914668274],[11.464706785765799,49.937334834528599],[11.464556562109605,49.937400817630319],[11.464383159459823,49.937477676770762],[11.464325212965774,49.937504867320875],[11.46429753901972,49.937514271298454],[11.464256976415735,49.9375333046574],[11.464125726918274,49.93758985227494],[11.463915272039225,49.937694493920361],[11.463834262262441,49.937722021630158],[11.463773417804267,49.937750571427337],[11.46367521676077,49.93779517570141],[11.463615359076579,49.937826546250939],[11.463537726734037,49.937852925960641],[11.463466435038592,49.937882943727274],[11.463397909818312,49.937911206772924],[11.463309128101534,49.937948588602588],[11.463013261591559,49.93798498163931],[11.462996195319247,49.937964059964514],[11.462945413826398,49.937934581539267],[11.462979861227213,49.937911767065792],[11.46299218699763,49.937881203535049],[11.462864371653342,49.937807007054708],[11.462797680045302,49.937752766780029],[11.462762834460484,49.937753966879541],[11.46267687468756,49.937754660394624],[11.46265066756412,49.937738176974356],[11.462622094940031,49.937729968322849],[11.462607066897395,49.937703120959341],[11.462591057331194,49.937694645408548],[11.462541251802396,49.937730385232513],[11.462472034569341,49.93760672903538],[11.462420961148974,49.937608487885257],[11.462380066719618,49.937570981829325],[11.462363978027994,49.937582526843947],[11.462322381142629,49.937592226097486],[11.462308940727056,49.937601870728642],[11.462267279134656,49.937602206694201],[11.462225539686168,49.937603644031597],[11.462190710056488,49.937603924879099],[11.462155226308335,49.93760514677296],[11.462158174512457,49.93764081139966],[11.462092376548902,49.937656153523292],[11.462073887272588,49.937633486534743],[11.462058347083044,49.937624465242983],[11.462016043873781,49.937625921917061],[11.461962974483464,49.937645017696951],[11.461935299977604,49.93765442111841],[11.461894736296779,49.93767345366598],[11.461839216705613,49.937683448433901],[11.461798652961726,49.937702480948666],[11.461677411692042,49.937738780445635],[11.461604644460849,49.937724412197227],[11.461560545889164,49.937716200318192],[11.461506591792535,49.937682263901984],[11.461416322704528,49.937584482040322],[11.461372453770885,49.937549611173878],[11.461336266550171,49.937516421275873],[11.461291027111693,49.937503423719022],[11.461271601487248,49.937479608111715],[11.461227512234162,49.937462733006875],[11.461231317312762,49.937508774219424],[11.461175712182543,49.937544613033744],[11.461131206293855,49.93751661902823],[11.461069566510483,49.937460084294621],[11.460978567427205,49.937486187814926],[11.460937447314205,49.937486518941235],[11.460902627746878,49.937511504027199],[11.46088498684025,49.93755096519476],[11.460807353085753,49.937586224781654],[11.460748882850245,49.937616865916802],[11.460706716775682,49.937608539631874],[11.460662766804717,49.93761005249673],[11.460611387807196,49.937646919571627],[11.460562224363073,49.937647315311793],[11.460527441396332,49.937648512583401],[11.460486047648903,49.937648845752982],[11.460472348266935,49.937658675717913],[11.460432591664889,49.937685004833263],[11.460418444131653,49.937705516694187],[11.460419861388919,49.937722668793953],[11.460420156141453,49.937737925017494],[11.460365258844265,49.937750724479194],[11.460323489561524,49.93777032179446],[11.460298610807856,49.937806392146427],[11.460237477191736,49.937778447490288],[11.460187100364902,49.937746760053798],[11.460141133547612,49.937728674474364],[11.4600931559395,49.937698496056974],[11.459980316121838,49.937640476504839],[11.459954916303595,49.937624499661283],[11.459897583605855,49.937598909526628],[11.459883472620916,49.93759003349264],[11.459854900531294,49.937581824150371],[11.459840789559122,49.937572948110933],[11.459777706806216,49.937536325431729],[11.459726393760748,49.937521582069721],[11.459683555806711,49.937504138224249],[11.45965430213778,49.937505144950791],[11.459571227021472,49.937479716742921],[11.459542655048125,49.93747150732176],[11.459441103913006,49.937420060492776],[11.459389063979584,49.937457400737344],[11.459417621917792,49.937473980255646],[11.459432218475696,49.937492392359331],[11.459335797573567,49.937493167494573],[11.459254663671297,49.937535683801215],[11.459242130269931,49.937585830167926],[11.459228377774032,49.937594937582347],[11.459210830978122,49.937634184872323],[11.45909189812161,49.937651806307947],[11.45907819844903,49.937661636112345],[11.459036804661698,49.937661968764644],[11.458988690710598,49.937663624266712],[11.458942240764983,49.937718129879805],[11.458902473336655,49.937763771355947],[11.458889979717728,49.93779171555753],[11.458842364488685,49.937823247686083],[11.458809420898088,49.937846885159495],[11.458765140474432,49.937861929442988],[11.458701700364514,49.937921134525041],[11.458661469716287,49.937957794886493],[11.458662225546538,49.937966946160046],[11.458648467435346,49.937976057082693],[11.458635289923571,49.937985512052038],[11.458593776856361,49.937999616008184],[11.458555871673129,49.938068156553776],[11.458542576425502,49.938086249751684],[11.458529851151399,49.938114711401973],[11.458489630741408,49.938141346051907],[11.458477825665861,49.938177758589816],[11.458440924975061,49.938190295392751],[11.458419724778524,49.938221030073883],[11.458382824039303,49.938233566858955],[11.458302777614243,49.938298413283448],[11.458289024738995,49.938307520591088],[11.458271341152473,49.93832020849738],[11.458109401350931,49.938338316370938],[11.458096681071282,49.938356757145705],[11.458055082612002,49.938366454889412],[11.458042819731169,49.938393881523048],[11.457980818347623,49.938405040782882],[11.457966144290401,49.938530440827826],[11.457954216598445,49.938575507950461],[11.457954993303465,49.938584913465881],[11.457899901843515,49.938603630006511],[11.457887638818539,49.938631056624949],[11.457874340234284,49.938659106575699],[11.457790987451807,49.93868742436792],[11.457750903481166,49.938687746055052],[11.457543226395893,49.938710323273611],[11.457345676519788,49.938730170592088],[11.457113446393699,49.938755416167602],[11.45700223293373,49.938766589104532],[11.456697588436326,49.938800212413355],[11.456586374762935,49.938811384954192],[11.45605987702597,49.938867698997136],[11.455948663028073,49.938878870930466],[11.455706873147657,49.938906932027272],[11.455410035463998,49.938940116688144],[11.455075257445962,49.938973744303738],[11.454894112664507,49.938992603192943],[11.454740147750842,49.939012926605521],[11.454701117990904,49.93901323880673],[11.454590440311131,49.939024761063145],[11.454465302567369,49.939036226397747],[11.454382508946575,49.939047154878857],[11.454271817523772,49.939061203294109],[11.45395243498966,49.939092062316305],[11.45386517299783,49.939103580191514],[11.453813676961067,49.939103991720245],[11.453772621148966,49.939114043181121],[11.453745541672786,49.939114259567049],[11.453689555120379,49.939124793554939],[11.453578339902084,49.939135963230463],[11.45336771246947,49.939165608728949],[11.452965361179485,49.939233033454258],[11.452659518560772,49.939307907967361],[11.452318936024144,49.939420680369032],[11.452236575135069,49.939450305911912],[11.451985359747345,49.939561610856586],[11.451780272971876,49.939663545180146],[11.451594558841728,49.939771046853622],[11.45130197184741,49.939980931829581],[11.451026802693749,49.940231133958456],[11.450931089473501,49.94025343990203],[11.450884101844579,49.940270340537303],[11.450860382663487,49.94022794816965],[11.450709012684351,49.940178113503869],[11.450661993449314,49.940169353447644],[11.450613324264221,49.94015445270869],[11.450417680126927,49.940101393735219],[11.450350020481551,49.940058826229659],[11.450335371782588,49.9400503202301],[11.450307921420986,49.940033050019217],[11.450261983575629,49.940019847304598],[11.450138165222977,49.940009510813709],[11.450110131951183,49.94000092786095],[11.450067636679263,49.939993010386189],[11.450024079808133,49.939984405540407],[11.449983780149887,49.939985788989468],[11.449947372471216,49.939986078727728],[11.449863872933427,49.939952069228035],[11.449783232952006,49.939920333203659],[11.449728917959815,49.939910213358907],[11.449700884815522,49.939901630305066],[11.44963069751002,49.93988145769211],[11.449502954154665,49.939852019473953],[11.449474921082741,49.939843436364292],[11.449404733952228,49.939823263611636],[11.449276990880975,49.939793825139802],[11.449248957881425,49.939785241974299],[11.449178160603379,49.939768926597488],[11.449107902070633,49.939752239973366],[11.448870883699053,49.939701031192612],[11.448713680014631,49.939679788077584],[11.448601305517858,49.939661347735139],[11.448531124510998,49.939647482093122],[11.448404634746815,49.939632342585135],[11.448222535233066,49.939609022036549],[11.448152194146763,49.939601691952419],[11.447879162843506,49.939569618641372],[11.447703731569685,49.939548013407375],[11.44757724229431,49.939532872988416],[11.447451291802739,49.939517361234429],[11.447367027745651,49.939510324629389],[11.447207239971826,49.939490645222705],[11.44695475676123,49.939464331969901],[11.446848495447773,49.93944912654139],[11.446651935389458,49.939426468582681],[11.446525985437956,49.939410955814338],[11.446455644861992,49.939403624692197],[11.446259623867309,49.93938059487126],[11.445922922192558,49.939342901862837],[11.445648579292566,49.939307048905114],[11.445572381444196,49.93929614446877],[11.445515964320892,49.939288519036921],[11.445460085936784,49.939280522390618],[11.445403668847598,49.939272896903546],[11.445347032918079,49.939255553542097],[11.445298478988178,49.939257218400272],[11.445235783002538,49.939257714796668],[11.445180020652268,49.939259626767814],[11.444998346493824,49.939245284496607],[11.444493390958852,49.939247118192164],[11.444318500164645,49.939274105395157],[11.44398304169283,49.939293681314133],[11.443942063473223,49.939312898038231],[11.443913499294094,49.939313123865631],[11.443870979725965,49.939286367930791],[11.443772021866458,49.939257919970288],[11.44372997423925,49.939245043192301],[11.443701403764354,49.939236829843693],[11.443605267941514,49.939190005855572],[11.443486459378448,49.939115243246945],[11.443443965890667,49.939107323314786],[11.443428535415102,49.939088395434077],[11.443428044520022,49.939062517570342],[11.443405438051677,49.939001490566547],[11.443358296499989,49.938946885384681],[11.443277462127588,49.938866868677934],[11.443164395743828,49.938870743555306],[11.443083188097612,49.938858153522837],[11.443124295549531,49.938844194634498],[11.443136112405742,49.938807783489281],[11.443149914503714,49.938798647380104],[11.443110470732176,49.938692164943653],[11.443087077931494,49.938665068088241],[11.443033529545634,49.938528996553835],[11.442992473315455,49.938459113065221],[11.442964328218727,49.938442766359572],[11.442921010293295,49.938407517151767],[11.442879046454259,49.938383144423192],[11.442819003796867,49.938319711325313],[11.442747301556576,49.938285420017898],[11.442732738867187,49.938267555885275],[11.442645750196739,49.938206599996562],[11.442631187569287,49.938188735850055],[11.442573993659172,49.93813793128276],[11.442490838570883,49.938128904217123],[11.44239328918267,49.938185358945802],[11.442349548517257,49.938131701245553],[11.442334752332171,49.938123107395953],[11.442348648599689,49.938113909024274],[11.442362361578777,49.938104074185283],[11.442360183448651,49.938077593854011],[11.442359841113879,49.938059525276742],[11.442328131993712,49.938031358222027],[11.442294278793808,49.93801169570623],[11.442264846699898,49.937993173894071],[11.442146178701886,49.937974245963936],[11.442131616330196,49.937956381750212],[11.442116515235481,49.937938888705858],[11.442101952885764,49.93792102448797],[11.442078691323857,49.937894078340541],[11.442023888742064,49.937895955936831],[11.442002283013309,49.937896126389596],[11.442001774037148,49.937869251588673],[11.442000134247248,49.937849314106032],[11.441962647921144,49.93778550347929],[11.441718905397011,49.937591652584267],[11.44155430448947,49.937496046839279],[11.44138893463666,49.937430945324948],[11.441302497383397,49.937414832828921],[11.441090320854046,49.937344038368828],[11.440780621455151,49.937245130566282],[11.44070045826936,49.937222082019353],[11.440658051442245,49.937204803883922],[11.440629482682594,49.937196589749675],[11.440534843479163,49.937153304699812],[11.440200544436754,49.937045171517532],[11.440122064073691,49.937034559621118],[11.440041654925832,49.937001797191833],[11.439977237221129,49.936976436353056],[11.439877324569999,49.936924386165792],[11.439812907053076,49.936899025232535],[11.439749297714489,49.936873107521549],[11.439720729299713,49.936864893157654],[11.439678323128675,49.936847614652891],[11.439649754740588,49.936839400271055],[11.439410453010623,49.936703429810578],[11.439389886213657,49.936655782807968],[11.439374786523164,49.93663828938196],[11.43935794519774,49.936590880899537],[11.439228668573042,49.93651578633213],[11.439144026942728,49.936462514625958],[11.439085444327588,49.936428484749108],[11.439071337428034,49.93641960611761],[11.438946849688334,49.936347292510391],[11.438819888221248,49.936267384602367],[11.438797919905017,49.93625462333776],[11.4387304517318,49.936199713349794],[11.438710570963707,49.936175321197318],[11.438667334917076,49.936158298458956],[11.438666994542869,49.936140258448958],[11.438609668809661,49.936114655023395],[11.438588508731033,49.936101336983938],[11.438565741708828,49.936088111625338],[11.438537150252362,49.936053031854591],[11.438521913509692,49.936044180813624],[11.438494671013292,49.93604511335662],[11.438445516094033,49.936030056208892],[11.438393389887532,49.935966100525945],[11.438378290778051,49.935948606959606],[11.438361461786938,49.935885812234595],[11.438346362715023,49.935868318663331],[11.43833044123558,49.935823495933505],[11.438222452106025,49.935740083240511],[11.438181198469927,49.935678528111353],[11.4381266405871,49.935657047200202],[11.438112534090136,49.935648168444935],[11.438068441104084,49.935639947537275],[11.438027186314573,49.935613981339657],[11.438011742278198,49.935605009672507],[11.437969400318558,49.935553057462577],[11.437907628638863,49.93550683098978],[11.437782074812244,49.935457396398377],[11.437767234828403,49.935439188039986],[11.43770961092366,49.935422617544369],[11.437668830756419,49.935396949711183],[11.437632713132215,49.935386563581645],[11.437650736831701,49.935334125323628],[11.437615933225835,49.935265014562937],[11.437562008934197,49.93525496031922],[11.437534328700412,49.935237537711942],[11.437480908118113,49.935227577338566],[11.437464727388011,49.935239181169905],[11.43743796562635,49.935256894308061],[11.437424775322526,49.935276003423596],[11.437392120252952,49.935285505688185],[11.437367263770694,49.935241050612582],[11.437325898143527,49.935217020079087],[11.437292029445789,49.935185933853589],[11.437311643971471,49.935128868247133],[11.437291034771455,49.935116895702436],[11.437275968981591,49.935107412835762],[11.437245456454132,49.935036714203527],[11.437230805812412,49.935028203145009],[11.437230300931947,49.935001400118189],[11.437207454230776,49.934988127670827],[11.437228368990564,49.934974284572974],[11.437241034409571,49.934954616123584],[11.437178557048433,49.934918320785407],[11.437196448650731,49.934893988946172],[11.437195681803992,49.934884653038189],[11.437167869656438,49.93488560477487],[11.437152854575762,49.934858750270379],[11.437138204005063,49.93485023919888],[11.437138031344954,49.934841072016987],[11.437089203036676,49.93483196762066],[11.437115557698025,49.934796126411534],[11.437061827291155,49.934733871122802],[11.43706108303482,49.934694352078424],[11.437055551147241,49.934627001794787],[11.437054364122844,49.934563971441555],[11.437025339084474,49.934547109539309],[11.43702516160708,49.934537685247598],[11.437024341053815,49.934527694954951],[11.436981089274594,49.934477580411333],[11.437049379376187,49.934465301697408],[11.437076002161248,49.934446045359579],[11.437018930545227,49.934412889900862],[11.436999770869225,49.934368494972865],[11.437029562596786,49.934348776234785],[11.437043813195357,49.934338556514703],[11.437040820694062,49.934302122535399],[11.436968861227639,49.934260317874177],[11.436985673994734,49.934224888053436],[11.436952873442069,49.934215455318395],[11.436910271660356,49.934202404309168],[11.436909347288413,49.934153311588787],[11.436850301381819,49.934136331170244],[11.436822859167467,49.934119057627768],[11.436766449352161,49.934111427820234],[11.436751890162753,49.934093562872761],[11.436736786438745,49.934076062336295],[11.436736281925167,49.934049262693627],[11.436721056931882,49.934040417662835],[11.436706951170166,49.934031538723389],[11.436692306679683,49.934023030928493],[11.436672894502792,49.933999210984254],[11.436634806237301,49.933988257437321],[11.436606594781185,49.933970499534482],[11.436547384906229,49.933953471707532],[11.436506606610832,49.933927803431821],[11.436464113067586,49.933919879785485],[11.436463942172219,49.933910799060726],[11.436463167841321,49.933901370014006],[11.436391770074131,49.933880836998689],[11.436337838519648,49.933900228815389],[11.436293316168033,49.933886589056605],[11.436265037161142,49.933868788431376],[11.43623710779527,49.933834516768165],[11.436222463446441,49.933826008911531],[11.436193529577743,49.933799450458046],[11.436171563083935,49.933786688663623],[11.436150404704959,49.93377337014897],[11.436135760389943,49.933764862280803],[11.436120921562335,49.933746653689759],[11.436064338995553,49.9337303810713],[11.436019138859466,49.933716533485267],[11.436035423468956,49.933694387454352],[11.435989014084806,49.933640611625997],[11.435961448449151,49.933624596773065],[11.43594688970717,49.933606731716488],[11.43590168313578,49.933571879427689],[11.435847487323139,49.933591366080449],[11.435801473309137,49.933591726610096],[11.435776657755873,49.933547340098052],[11.435747185564933,49.933521152668028],[11.435731267337179,49.933476329517156],[11.435716623186069,49.93346782159319],[11.435702517775706,49.933458942525441],[11.435687867887607,49.933450431258592],[11.435687363013377,49.933423580460769],[11.435595254340987,49.933377572029954],[11.435557863949295,49.933354035408122],[11.435541426713089,49.933344485671512],[11.435486627355644,49.933328725419223],[11.435424367209022,49.933300243007615],[11.435369992097254,49.933286198196271],[11.435224865989431,49.933308582890916],[11.435183232776467,49.933295827585745],[11.435109443127562,49.933309699977038],[11.435087076923425,49.933295620628755],[11.435062071060191,49.933250892083215],[11.43502141900831,49.933239547731731],[11.434995051475275,49.933258456410115],[11.434946695599841,49.933258834930214],[11.434925698649097,49.933259553055507],[11.434897110945817,49.933250794448718],[11.434848819570069,49.933252446055484],[11.434773664149562,49.933253034253468],[11.434744751787022,49.933263429687734],[11.434729413487672,49.933235993327337],[11.434700579338029,49.933219240788119],[11.434714048577,49.933200924137793],[11.434684491761059,49.933174660530931],[11.434669933627376,49.933156795303645],[11.434654698508261,49.933147943726127],[11.434613884588284,49.933149339514856],[11.434542214270294,49.933114418263422],[11.434528915733331,49.933123954810256],[11.434513800318772,49.93313308789903],[11.434443523355505,49.933088848189428],[11.434360049878734,49.933091702719622],[11.434345662501784,49.933082645756706],[11.434307234219492,49.933060318750968],[11.434275381652325,49.932986500429493],[11.434241930477866,49.932976879388022],[11.434241261798055,49.932941259133734],[11.434210754743331,49.932905907207683],[11.434210410885035,49.932887589344865],[11.434178709943215,49.932859419916511],[11.434138340582848,49.93283596491522],[11.434117072406451,49.932809864698207],[11.434051610647295,49.932801008686639],[11.43405043824462,49.932738541509643],[11.43403492679713,49.932729529153399],[11.434005994790578,49.932702970121561],[11.433949551466776,49.932686735938397],[11.433920202245625,49.93265979382064],[11.433859492757946,49.932605846678534],[11.433776190937854,49.932573042011619],[11.433762086143089,49.932564162697254],[11.433733076680227,49.932555818925017],[11.433702648816061,49.93250138792753],[11.433702000346027,49.932466822684439],[11.433645242168922,49.932433844901162],[11.433629096555668,49.93241403058277],[11.433550520654146,49.932355217819357],[11.433513834601033,49.932344665956741],[11.433499277156374,49.932326800569911],[11.433466716794467,49.932289067855592],[11.433396945371157,49.932248528658143],[11.433326422274174,49.932204131823042],[11.433282492256255,49.932178607092531],[11.433267932035767,49.93216073809964],[11.433246654867036,49.932161465509139],[11.433224813111845,49.932134660224548],[11.433209717098341,49.932117165928688],[11.43319515983641,49.932099300500319],[11.43318006384502,49.932081806200181],[11.433164601207885,49.932045968685316],[11.433149957940165,49.932037460421938],[11.433110922191377,49.931989553510533],[11.433133146319308,49.931974844498605],[11.43314336026366,49.931906495540851],[11.433099593314425,49.931867602256958],[11.433084583490961,49.931840750770299],[11.433068303634126,49.931821884349851],[11.433002880558726,49.931783870875805],[11.433027225257517,49.931713058216324],[11.433005829106797,49.931688262501005],[11.432978265572723,49.931672246902366],[11.432950056812905,49.931654488062918],[11.432920477506704,49.93163730117486],[11.432919816245876,49.931602021846828],[11.432889311027139,49.93156666953854],[11.432888791021787,49.931538925352164],[11.432799679706907,49.931513293519743],[11.432731466216978,49.931470349292823],[11.43271682320178,49.931461840970236],[11.432702718929049,49.931452961517678],[11.432631939198593,49.931436635748121],[11.432615005736592,49.931415853421022],[11.432585263122427,49.931362644390184],[11.432510676517399,49.931380892109949],[11.43248232563278,49.931363043459072],[11.432460361225884,49.931350280925336],[11.432417057375387,49.931315027544002],[11.432395093007592,49.931302264997242],[11.432373936758555,49.9312889457563],[11.432331451881081,49.931281021610829],[11.432269992579027,49.931234192438296],[11.432188852416111,49.931187045064526],[11.432168694563357,49.931162304969767],[11.432042172590108,49.931071198286375],[11.432009904624238,49.931041574153134],[11.43198359098623,49.931009278655694],[11.431917698678294,49.930970990742672],[11.431787308995041,49.930888900095738],[11.431765018945351,49.9308490217364],[11.431601651234505,49.930734492071174],[11.431578607155268,49.93072110168719],[11.431459074182451,49.930638053381124],[11.431433787532516,49.930607017506688],[11.431404319508564,49.930580828898563],[11.431389311045319,49.930553977166959],[11.431356692464238,49.93049841980168],[11.431272813830585,49.930449679227898],[11.431257239130819,49.930421814203349],[11.431241692063971,49.930395333571369],[11.431215990021771,49.930335756060146],[11.431196311378255,49.930324321036103],[11.431178595748872,49.930274419072795],[11.431136423758026,49.930262287717014],[11.431101933979109,49.930240572918493],[11.431010752125902,49.930187587888398],[11.430980902880972,49.93015095115674],[11.430923358726815,49.930093957525713],[11.430904598683131,49.930060392772639],[11.430861470571276,49.930035331171467],[11.430830241887399,49.929997001011408],[11.430774068985848,49.929964359007876],[11.430745140454416,49.929937799099214],[11.430730498254528,49.92992929051151],[11.430672824146589,49.929885342283526],[11.430631980208071,49.929861607770363],[11.430556937510671,49.92979781685397],[11.43054229538641,49.92978930824119],[11.430526465058996,49.929779341194148],[11.430498542184868,49.929745068030414],[11.430482264060984,49.92972620121499],[11.430454702485436,49.929710184982177],[11.430431146903855,49.92969535391925],[11.430366516001808,49.929630003238096],[11.430365866990911,49.929595275267971],[11.43034292944267,49.92956868978402],[11.430321096328093,49.929541891049084],[11.43029208240802,49.929525030706913],[11.430291714593977,49.929505347582811],[11.430231872734415,49.929435988237785],[11.430231384540667,49.929409861248836],[11.430204214181815,49.929363580196735],[11.430159374374092,49.929374549699766],[11.430107204503946,49.929374955867836],[11.43003319586794,49.929386368496203],[11.429926260452211,49.929353597585738],[11.42990514235094,49.929315811679686],[11.429820465092467,49.929318704179117],[11.42977273403185,49.929352930935885],[11.429711574489064,49.929334188113558],[11.429667692429408,49.929321563903784],[11.429629414380271,49.929297462563596],[11.42959397427116,49.929215303205339],[11.429565412071264,49.929207086235536],[11.429536302053082,49.929171354378838],[11.429507018547866,49.929154336880785],[11.429492915540383,49.929145457015615],[11.429463902145139,49.92912859645724],[11.429463724586371,49.929119085661945],[11.429436172545186,49.929103074319144],[11.429378702927281,49.929056282482655],[11.429414400727428,49.92903265690898],[11.429457403359269,49.928999056869166],[11.429386572348507,49.928985843065504],[11.429357689135058,49.928950389228049],[11.429327484528731,49.928915379336175],[11.429327137602634,49.928896793454989],[11.429270276554172,49.928880434996003],[11.429270105459731,49.928871268351259],[11.429255452350478,49.928862752888328],[11.429255198988363,49.928849178387672],[11.429254094975956,49.928835708209817],[11.429253921969408,49.928826438929718],[11.429225949081118,49.92882739431338],[11.429152052879134,49.928827969023573],[11.429125473670439,49.928766349379238],[11.429082539630645,49.928749437925454],[11.429067984936498,49.928731571931507],[11.429004261771183,49.928719683822649],[11.428968159335838,49.928696951632311],[11.428967538059723,49.92866365425747],[11.428946381920191,49.928596759952136],[11.428920831112297,49.928581911212717],[11.428877080507455,49.928537670343133],[11.428862439061527,49.928529161506333],[11.428833859239187,49.928494079129216],[11.428802900003086,49.928476087208928],[11.428776210559276,49.928476998657693],[11.428747280170914,49.92845043467225],[11.428732638774266,49.928441925818241],[11.42871853058371,49.92843304236758],[11.42867689577502,49.928434464170564],[11.428647579678046,49.928407545924891],[11.428632938311788,49.928399037057773],[11.428617932097817,49.928372184925102],[11.428544775558951,49.928310822375892],[11.428558756827121,49.928301569344242],[11.428519350357153,49.928266543708219],[11.428497892612926,49.92822814689508],[11.428400728282917,49.92821499566049],[11.428358785463624,49.928206698896986],[11.428316303921916,49.928198773225816],[11.428261500375301,49.928176431586891],[11.428218689595317,49.92819182258134],[11.428189108434758,49.928201257885526],[11.428133804596456,49.928166434210119],[11.428055610263707,49.928158269616411],[11.427979414117052,49.928170018415159],[11.427945738832136,49.928170279957101],[11.427865368476132,49.928173024012743],[11.427814386609066,49.9281913523821],[11.427742425912591,49.928156279216232],[11.427673826373963,49.928158621268402],[11.427645831834282,49.928140993440138],[11.427615101879134,49.928132152005738],[11.427539842820879,49.928134721335745],[11.427477026810845,49.928135208955055],[11.427463840513555,49.928144664154843],[11.427390936137751,49.928169412976303],[11.427277547764865,49.928146982329466],[11.427157458334731,49.92815108178511],[11.427136564299534,49.928151243913284],[11.427115697907617,49.928151956206307],[11.427059980477718,49.928152388519671],[11.427004336758641,49.928154287922737],[11.426983442720559,49.928154450023321],[11.426927798994789,49.928156349389702],[11.426838348349165,49.928157043282198],[11.426793783304442,49.928177936596768],[11.426684952973966,49.928178780688015],[11.426616065988314,49.928189401613373],[11.426518788842083,49.928200253650076],[11.426491155327804,49.928210187687334],[11.426461052107813,49.928210421100538],[11.426391980260961,49.928166925983589],[11.426262478072895,49.928160576214651],[11.426126117907694,49.92814550089664],[11.426111974479163,49.928145983572058],[11.426046530862644,49.928136604150239],[11.425992152045772,49.928156152643666],[11.425975287149782,49.928193818677485],[11.425886798840784,49.928205028898702],[11.425866570222993,49.928250207176177],[11.425838557715144,49.928232567216362],[11.425767560007756,49.92822515262327],[11.425752104172522,49.928189313997898],[11.425737463370893,49.928180804756146],[11.42570576381312,49.928160842896702],[11.425634839870543,49.928178190806982],[11.425490833280454,49.928119479175358],[11.425451132138091,49.928048428052364],[11.425330001165749,49.927978025732216],[11.425297408502196,49.92795750115102],[11.425271792566232,49.927885315233631],[11.425201981594194,49.927812617230813],[11.425174726159163,49.927796775989016],[11.425160173192742,49.927778909475947],[11.425101967935973,49.927735329441134],[11.425017237926401,49.927670751374173],[11.424996232050429,49.927622040927666],[11.424926203465517,49.927594452968606],[11.42489167025259,49.927572705947469],[11.424733094836766,49.927456815538598],[11.424706664556988,49.927395525246631],[11.424562872916331,49.927331265485556],[11.424509597049818,49.927315935298815],[11.42449493651762,49.927306702787924],[11.424453605621009,49.927308112720972],[11.424432154758717,49.927308278666686],[11.424410622941089,49.927281843369819],[11.424388662507198,49.927269079239096],[11.424366157262973,49.927228800147518],[11.424335820021552,49.927201831705204],[11.42427907505178,49.927185503099089],[11.424250404294614,49.927167447442322],[11.42416109519395,49.927132262716889],[11.424109467366263,49.927117406475588],[11.423990699270792,49.927076495726773],[11.423939723415028,49.927066982966089],[11.423908770687454,49.927038557278273],[11.423865626089697,49.927013479728757],[11.423810837603211,49.926997713777496],[11.423782816420141,49.92698912425849],[11.423724850151654,49.926981275821589],[11.423670105118884,49.926964494398646],[11.423627265273538,49.926952166695038],[11.423585233589273,49.926939282345941],[11.423476629858774,49.926919014964533],[11.423379517529924,49.926857855884798],[11.423262920670377,49.926790083300496],[11.423128553078035,49.92677604713387],[11.422930498352356,49.926665112771452],[11.422873380779796,49.926657378748601],[11.42278217298783,49.926599936960997],[11.422673070239224,49.926536519005424],[11.422653824229933,49.926441379355168],[11.422653378035116,49.926417293432124],[11.422678377308253,49.926344617047533],[11.422703684322734,49.926310211968413],[11.422715964582027,49.926282788770834],[11.422755651256011,49.926228834275783],[11.422753752460627,49.926205626830757],[11.422753175341482,49.926174476542016],[11.422651281973653,49.926104409815565],[11.422636279815903,49.926077556838912],[11.422621189559978,49.926060061062429],[11.422604899106872,49.92604005903361],[11.422598386884157,49.925688492031291],[11.422566583985015,49.925536436569885],[11.422565972103264,49.925503401700922],[11.42256331756685,49.925470955170113],[11.422512683105492,49.92542593937997],[11.422464503994785,49.92535399273708],[11.422436751935566,49.925155186296791],[11.422413068804454,49.925033498680961],[11.422427508199785,49.924965672535905],[11.422423907655082,49.9249216606324],[11.422423070153458,49.924876435857769],[11.422365936119485,49.92485999331992],[11.422351385102907,49.92484212641741],[11.422336295350712,49.924824630593164],[11.422320843222897,49.924788791437159],[11.422306204062364,49.924780281733206],[11.422291573758688,49.924760832559492],[11.422316820136183,49.924687437220527],[11.422307804633745,49.924577230414151],[11.422322611033302,49.924546044682174],[11.422319666007684,49.924510044231369],[11.422319000018438,49.924474075985422],[11.422318265393658,49.924465095796549],[11.422317349662864,49.924415639457912],[11.422312297910713,49.924353885691225],[11.422240721615193,49.924340526665233],[11.422214547084169,49.92434141908727],[11.422172592797388,49.924333116880284],[11.422088358342359,49.924326061433973],[11.422072438304887,49.924280882003089],[11.422127240341961,49.924262280167063],[11.422167809111921,49.924243261432828],[11.42220507339354,49.924230612514755],[11.422221621564098,49.92420492360511],[11.422190303288939,49.924151553694252],[11.422159076953161,49.92406353308121],[11.422131084975508,49.924031076998681],[11.422110562173557,49.923929613741549],[11.422095472804271,49.923912117877926],[11.422079570663,49.923867292549957],[11.422064481325062,49.923849796681665],[11.422047722459965,49.923794648289473],[11.422017318520819,49.92374283567591],[11.422000816437839,49.923696318811743],[11.421912928805629,49.92359441353166],[11.421891040179775,49.923522383407835],[11.421886695428425,49.923287606878219],[11.421705997570259,49.923281026692543],[11.421589030319682,49.92329317297677],[11.421562928417897,49.92329337424227],[11.421299055927857,49.923308067401614],[11.421285005592255,49.923308175705969],[11.420887522000804,49.923329614200114],[11.420590623586738,49.923349847775064],[11.420382003958066,49.923363019834831],[11.420138130555268,49.923380529040479],[11.419693525175912,49.923404641080481],[11.41967358346937,49.923404794520849],[11.419340178181963,49.923420931854388],[11.418857606839651,49.923439818830737],[11.418837740371663,49.923404251250872],[11.418822202449858,49.923377768789635],[11.418803642015055,49.923316677277967],[11.418845238712059,49.923268982559989],[11.418872672505767,49.923268771667928],[11.419178318991516,49.923253212409456],[11.419192394097818,49.923253104170122],[11.41933089104139,49.923241035006328],[11.419469916481603,49.923229317527031],[11.419538773097333,49.923218704784261],[11.419747938240757,49.923193679456865],[11.419856655024981,49.923167091180694],[11.419942238142252,49.923147165396216],[11.419968407876492,49.923146963974226],[11.420184838169115,49.923094032140213],[11.420254680016741,49.923068926951835],[11.420354901745299,49.923057750966763],[11.420551734943082,49.923009611134134],[11.420628740012175,49.922998225693512],[11.420655576939852,49.922983236751456],[11.420609609050409,49.922916363984207],[11.420608948496977,49.922880617509236],[11.420649379234927,49.922853862557133],[11.420647557381933,49.922831581363937],[11.420534594562708,49.922793294294742],[11.420489581888026,49.922756630918222],[11.420488281057386,49.922686224986037],[11.420486046503486,49.922658895218248],[11.42039307928342,49.922641541518928],[11.420371696987557,49.922615283656789],[11.420329379430193,49.922590682107895],[11.420313813686379,49.922562815447392],[11.420265959867777,49.922534995283854],[11.420288729337432,49.922504040278866],[11.420349103190789,49.922483547628786],[11.420359060564255,49.922311990889384],[11.420342811445771,49.922302544312537],[11.420328712128592,49.922293663268135],[11.420245112014962,49.922274366377287],[11.420269445866429,49.922223116367583],[11.42028431830142,49.922189906006388],[11.420266380040484,49.922169104910637],[11.420293231543098,49.922141659835411],[11.420319695539046,49.922103334528494],[11.420317624951798,49.922078008635332],[11.420331965013942,49.922058513172246],[11.420326393354266,49.921990364795349],[11.420281267847725,49.921924715282515],[11.420280625846887,49.921889957924407],[11.420279157467306,49.921871997501086],[11.420276773837486,49.921742948674876],[11.420229565878149,49.921662490153153],[11.420254684585386,49.921628340824249],[11.420248916283821,49.921557784975441],[11.420247195675406,49.921464627083068],[11.420278330880501,49.921422298020481],[11.4202427096844,49.921343275241021],[11.420264836938815,49.921296671767642],[11.420278796840256,49.921265498564466],[11.420273961112537,49.921206349371118],[11.42028772195969,49.921197242943578],[11.420299102137177,49.921151847691291],[11.420312407430885,49.921133758689834],[11.420324687845111,49.921106335722605],[11.420354009464489,49.921096382828452],[11.420393976888892,49.921096075076591],[11.42041484037876,49.921095364036589],[11.42045662247801,49.921095042289359],[11.420492924946821,49.921093805057751],[11.420532998367692,49.921065071851849],[11.42052917306458,49.921018284628111],[11.420468343441025,49.920914609453646],[11.420453344200814,49.920887756130618],[11.420406730429006,49.920808309361171],[11.420361732966965,49.920727749356928],[11.420346195129909,49.920701267088425],[11.420315332967174,49.920646013599473],[11.420315033196445,49.920629783649986],[11.420293441292495,49.92059298283548],[11.420255479075307,49.920559227367214],[11.420254999728929,49.920533273087486],[11.420190088404858,49.920404231231764],[11.420162524645221,49.92037226710994],[11.420146646523067,49.920335432051829],[11.420117170032142,49.920301249744256],[11.420076163716546,49.92021780444896],[11.420027673175024,49.920203846798131],[11.419998026108994,49.920185171336165],[11.419823203539671,49.920191128709227],[11.419759904762952,49.920182051415928],[11.419706618484833,49.920165712469782],[11.419594555777302,49.920159236186734],[11.419565987772261,49.920124151305096],[11.419550552132295,49.920115177032223],[11.419535553661976,49.920088323575797],[11.419520016491958,49.920061841184129],[11.419482520434403,49.919994707527088],[11.419403612731514,49.919948830340516],[11.419366183712706,49.919902862578496],[11.419257346543882,49.91982444425463],[11.419241766504316,49.919796549024667],[11.419241454309496,49.919779625183985],[11.419213034673014,49.919746667114325],[11.419174977392009,49.919689821547401],[11.419130926350382,49.919610949905369],[11.419090130120441,49.919574672506478],[11.419062287964888,49.91954047805487],[11.419004098290374,49.919496894672839],[11.418968509751389,49.919464201651877],[11.418913537710464,49.919396687041022],[11.418884796622562,49.919345226395379],[11.418884323571692,49.919319571683289],[11.418854574683049,49.919293117612142],[11.418824759541192,49.919248582179335],[11.418809672868903,49.919231085835747],[11.418794675098882,49.919204232269557],[11.41877958845177,49.919186735921571],[11.418751746746665,49.919152541386694],[11.418719245722054,49.919123639775407],[11.418684130165628,49.919080511511815],[11.418660317059452,49.919052894701146],[11.418632185333658,49.919036538146351],[11.418631691270692,49.919009735792244],[11.418573496870781,49.918966147859074],[11.418559083190651,49.918950959601354],[11.418627196629178,49.91892004961678],[11.418652401317832,49.918901977630654],[11.418694985290891,49.918882652896528],[11.418749018758827,49.918854358809675],[11.418885332781903,49.918788725264186],[11.418939366032127,49.918760431091357],[11.41898050624814,49.918741761334331],[11.418993686566068,49.918732310808153],[11.419046646031903,49.918714334239745],[11.419150157779978,49.918665806488505],[11.419306015117714,49.918595076481736],[11.419427864504732,49.918553715322233],[11.419623380104637,49.918503454292797],[11.41974911517651,49.918467426884227],[11.419873645964334,49.918434555375875],[11.419953397990472,49.918405885535783],[11.42003692539231,49.918405242675],[11.420266402047893,49.918322748023684],[11.4202816778861,49.918300623844345],[11.420298542426595,49.918277694653106],[11.420223316941183,49.918248049099375],[11.420144940950683,49.918212166754671],[11.420029799986169,49.918196570074656],[11.419992405843072,49.918210012892793],[11.419802141512486,49.91816314226066],[11.419730628728987,49.918141213644418],[11.419659243761053,49.918120664789484],[11.419575916302893,49.918095113175802],[11.41955701732588,49.918032902992024],[11.419556262957306,49.917992019300428],[11.419553327077182,49.917956098401795],[11.419545695027049,49.917542462583299],[11.419512688398632,49.917138611660562],[11.419533040767774,49.917110940483667],[11.419510259040047,49.917084519357829],[11.419495711510686,49.917066652024566],[11.419479748473488,49.917048138844045],[11.419478876383215,49.917000868183365],[11.419501988916544,49.916913776593098],[11.419503941925152,49.916680095403834],[11.419286511713235,49.916539482540323],[11.419231410718817,49.916523620375081],[11.419157451712705,49.916487555453969],[11.419044463097052,49.916401404657883],[11.418943888978449,49.916328933800358],[11.418898097919161,49.916260530535666],[11.418811179305999,49.916199555517316],[11.418782265756358,49.91617299234597],[11.418647375552139,49.916073687921887],[11.418608429358782,49.916051042055848],[11.418540329076471,49.916008138361761],[11.418603194032999,49.915943879112525],[11.418616092079352,49.915915076545367],[11.418643081638296,49.915897214743737],[11.418682620510129,49.915868863294712],[11.41874989135135,49.915824343018073],[11.418768638910409,49.915797190852238],[11.418909980931922,49.915724852997968],[11.418925599342032,49.915702232619331],[11.418969099949193,49.915662619597164],[11.419002801930926,49.91557468372141],[11.41910548408659,49.915492587209748],[11.41913436302319,49.915428095565915],[11.419176357919708,49.915418316995463],[11.419204001095842,49.915408379261081],[11.419202548797816,49.91539060724142],[11.419230062267046,49.915372398238041],[11.419255984205487,49.915334854400825],[11.419324003998247,49.915289837294026],[11.419383310950455,49.915247309782984],[11.419454868677288,49.915199950940718],[11.419468288357761,49.915133181545258],[11.419481592388527,49.915115092641912],[11.419500290293652,49.915088011302061],[11.419663302439783,49.915074269969367],[11.419700819044861,49.915047367414893],[11.41971457289171,49.915038264643421],[11.419727765031656,49.915019157460684],[11.419754522485409,49.915001448425194],[11.41976770165453,49.914991997822725],[11.419790841521998,49.914976683011119],[11.419762200755747,49.914943465567141],[11.419806588670228,49.914928397029321],[11.419827640167167,49.914881383268003],[11.419759611845244,49.914830426719078],[11.419745064933011,49.914812559402073],[11.419715613077326,49.914786367520563],[11.419695371430199,49.914678887426945],[11.419736743567061,49.914651505704178],[11.419749254476672,49.914623565375912],[11.419790390904101,49.914604895375966],[11.4198031200246,49.91458645861325],[11.419816684944578,49.914568014579316],[11.419814871272273,49.914545823253995],[11.4198142434525,49.914511800641939],[11.419842787589898,49.914451675546367],[11.41994739281723,49.914438425853362],[11.420020465210174,49.914400157518713],[11.420365542168957,49.914343637607281],[11.420481419263053,49.914315292590075],[11.420513885477495,49.91429201072846],[11.420506006484436,49.914195622798083],[11.420548100855173,49.914157287478204],[11.420559479363936,49.914111892178028],[11.420577908444267,49.914086833521871],[11.420555271789732,49.913809908774972],[11.420571396502,49.913787983322337],[11.420583224981661,49.913751574172267],[11.420621119746148,49.913726492856092],[11.420720768056277,49.913685425252652],[11.420759102384981,49.913657934780325],[11.420773828200282,49.913657821356651],[11.42081439672069,49.913638799457765],[11.420864373232648,49.91362716113283],[11.420995352565702,49.913635202903684],[11.421012183872849,49.913634629144859],[11.421124758907403,49.913613472020302],[11.421233859177137,49.913612631301703],[11.421287692075712,49.913629139374549],[11.421368121681871,49.913600221924554],[11.42139071395302,49.913600047791206],[11.421432434424572,49.913598625443207],[11.421488831482769,49.913598190714843],[11.421524754100389,49.913642311502706],[11.421585909960374,49.913677870588025],[11.421587884212567,49.913784651542635],[11.421588733606528,49.913795039929525],[11.421619444047737,49.913847387375661],[11.421619770163773,49.913865025164156],[11.421635611453091,49.913892027354848],[11.4216360975644,49.913918317835062],[11.421656678206094,49.913942186316156],[11.421626768228526,49.913961983226947],[11.421698257848758,49.913971666953529],[11.421736638186324,49.913970358382642],[11.421750563491184,49.913970251006731],[11.421799237729084,49.913968591442881],[11.421876615999798,49.913967994727827],[11.421906203394558,49.914020970403143],[11.421930826772364,49.914049527153324],[11.422109463763611,49.914043436093927],[11.422137314410474,49.914043221250232],[11.422473284060798,49.914031764723838],[11.422578582851113,49.914052606490955],[11.422673022668844,49.914049385842645],[11.422702125129268,49.914058309703677],[11.422730677175162,49.914066528534491],[11.422758690604249,49.914075118439214],[11.422864562919782,49.9140839878661],[11.422980818850833,49.914119635788879],[11.423095834012658,49.914166545483205],[11.423384518147234,49.914331901738066],[11.423427437276539,49.91434881556053],[11.42347820859227,49.914369522625357],[11.423535071688519,49.91441584298402],[11.423655719858859,49.91448598882787],[11.423672913232426,49.914507104145081],[11.423722543338801,49.91453595937552],[11.423750738567852,49.91455372070714],[11.423861426384249,49.914593078325062],[11.42394139859864,49.91464345580156],[11.423981545280533,49.914655011531742],[11.424002746035145,49.914714778399066],[11.424024700545663,49.914727542714303],[11.424058708220359,49.914748965278847],[11.424104639864535,49.914767065757573],[11.424131598723251,49.914784047990153],[11.424174518511441,49.914800961524897],[11.424284367545626,49.914856693706255],[11.424411790887033,49.914893370260089],[11.42457337368721,49.914981705312584],[11.424615842965414,49.914989632553599],[11.424645485490899,49.914998721220215],[11.424747370441379,49.914995244886519],[11.424833829531391,49.915030505297487],[11.424868583858128,49.915029319427219],[11.424921569222903,49.915050928246416],[11.425010010593029,49.915071341883305],[11.42505239231653,49.915088626175184],[11.425080945356603,49.915096844410648],[11.425095043379621,49.915105724905196],[11.425110867911743,49.915114924913965],[11.4251653381958,49.915113066172019],[11.425234383060056,49.9151446741634],[11.425275249154627,49.91519485880228],[11.42533766340124,49.915212822889188],[11.42538098218775,49.915226104421372],[11.425492188039419,49.915241163741783],[11.425540109216785,49.915250647160143],[11.425763884961011,49.915286392620118],[11.425801237839339,49.915297844820394],[11.425845355116092,49.915306079108134],[11.425871401240505,49.915305190150832],[11.425901393636085,49.915304957805851],[11.425955672109271,49.915321599214828],[11.426012058359532,49.915329234657335],[11.426067906012596,49.915337241168338],[11.426152485445511,49.915348694238915],[11.426264180856172,49.915364707097012],[11.426348760378824,49.915376160022923],[11.426390691662066,49.91538445770103],[11.426433161571039,49.915392384265871],[11.426503390540169,49.915409088553297],[11.426556921157591,49.915407261238045],[11.426601243601523,49.915416032003264],[11.42665763005334,49.915423667128373],[11.42668564494209,49.915432256059944],[11.426783780884175,49.915439017018123],[11.426840538763509,49.91546499879076],[11.426854577834902,49.915464519516313],[11.42691028064241,49.915464087517925],[11.426965909769441,49.915462188373041],[11.427058315873037,49.91546147162196],[11.42716151320808,49.915476265299631],[11.427329231758545,49.915481568657022],[11.42750014467825,49.915488221315904],[11.427595521789376,49.915484964696482],[11.427669758369401,49.915458269558023],[11.427803757451906,49.91544331607188],[11.427840624411809,49.9154168737779],[11.427896996642623,49.915416436108352],[11.427967515945754,49.915414028013821],[11.428019737820819,49.915358767282918],[11.428074410252316,49.915340202595601],[11.428126359605816,49.915291741895807],[11.428149494584341,49.915176529668621],[11.428208816723908,49.915104731681758],[11.428257049462903,49.915093496280875],[11.428328948973338,49.915059777656211],[11.428449620888548,49.915044483880713],[11.428518683197613,49.915024687548907],[11.428600758122432,49.915024049840966],[11.428614975036501,49.915013852666192],[11.428758129248255,49.91499787618671],[11.429226732243883,49.91499423347468],[11.429365533906243,49.915066598817916],[11.429398816287192,49.91508756134774],[11.429441286387638,49.915095486807111],[11.429455385192703,49.915104366759302],[11.429540248908443,49.915128788627221],[11.429556158887888,49.915165684019811],[11.429586454023823,49.915183294755927],[11.429674714710176,49.915180279522886],[11.429705870640824,49.915098936224851],[11.429720230572775,49.915068674687646],[11.429744744537718,49.915035332291033],[11.429756566343892,49.914998922310112],[11.429771714741797,49.914988893870905],[11.429839889439151,49.914988363432528],[11.42987397196222,49.914976106535953],[11.429926491028054,49.914992206434022],[11.43009978261513,49.914963190458259],[11.43014578063422,49.914981946780138],[11.430175147581913,49.914990146699616],[11.430200985000104,49.914971613841054],[11.430244758083855,49.914961416402775],[11.430297585543677,49.914942418116489],[11.430325788978649,49.914960181337143],[11.430369617993417,49.914968077962392],[11.430408373981837,49.914940278609237],[11.43044950642107,49.914921604883858],[11.430463464331984,49.914911592963016],[11.430545665058123,49.914910952899284],[11.430587026203543,49.914891554507037],[11.430620730848258,49.914880108632289],[11.430708657061615,49.914817039279612],[11.430735410291213,49.914799327769764],[11.430749523417141,49.914778878459131],[11.430796153970954,49.914748007443428],[11.430815919315146,49.914733829704851],[11.430829670933884,49.914724725646252],[11.430858444940409,49.914704085936123],[11.430882336541954,49.914669467807663],[11.430895636131622,49.914651377658153],[11.430908823704721,49.914632269268829],[11.430961579709683,49.914597342740819],[11.430975229962719,49.914577563874374],[11.431015278306333,49.914551050243432],[11.431081669504083,49.914480787998876],[11.431121814878743,49.914439735779219],[11.431163614272403,49.914395498992597],[11.431233609884208,49.91438291260382],[11.431272041099749,49.914382613110277],[11.43135139739956,49.91437990089603],[11.431433731557139,49.91434128483511],[11.431473499117992,49.914252420158974],[11.431527523292374,49.914216653242264],[11.431547540546951,49.914187647941915],[11.431582652684158,49.914187374220241],[11.431639049693052,49.914085465419753],[11.431658731667786,49.914041483411097],[11.431686878985921,49.914012699539015],[11.431711230821515,49.913977413018259],[11.431734016597842,49.91394641840764],[11.43177883749801,49.913931196672984],[11.431791109676272,49.913903772583652],[11.431804860876511,49.9138946684144],[11.431818037345783,49.913885216479464],[11.432000513602716,49.913871745141897],[11.432040389661589,49.913843140493192],[11.432075205783695,49.913735891421311],[11.432088513110509,49.91370784420041],[11.432170191409481,49.913680104765817],[11.432184766306971,49.913658984816124],[11.43225739682806,49.913610897994488],[11.432278768015973,49.913595567430242],[11.432274366712726,49.913541883219345],[11.432244816208694,49.913507623032466],[11.432230238727373,49.913489232273001],[11.432270202404929,49.913462773233746],[11.432292766740071,49.913430075817793],[11.432235150175327,49.913378853214503],[11.432195380828416,49.913355735796628],[11.432166461797891,49.913329176036889],[11.432108268218224,49.913285599256518],[11.432080917452858,49.913208530734543],[11.432032810721887,49.913170240258388],[11.432003319530388,49.913143154780379],[11.432002830043547,49.913116984208706],[11.431959369844289,49.913078346411055],[11.431940089785924,49.912983098998026],[11.431918675477545,49.912935611610301],[11.431939178643827,49.912907721178151],[11.431917765890182,49.912821827117099],[11.431877578571678,49.912513465239222],[11.431910724709361,49.912388430857604],[11.431964109969057,49.912353085213262],[11.431983874008978,49.912338907289787],[11.432004500099517,49.912325251008397],[11.432017676111959,49.912315799055364],[11.432047703177652,49.912295918472871],[11.432120350529935,49.91227124546284],[11.432210067681728,49.912257968409023],[11.432281846541381,49.912227757768605],[11.43232497905163,49.91219681589272],[11.432376442919246,49.912162741869615],[11.432579267065325,49.912161159187093],[11.432621818302199,49.912141200411156],[11.432684355478269,49.912135480007748]]]},"properties":{"FID":0,"Id":3,"GEBBEZ":"EZG Geislareuth"}},{"type":"Feature","id":1,"geometry":{"type":"Polygon","coordinates":[[[11.437114362058253,49.950964802577232],[11.435687546772872,49.951318199173571],[11.43450039786271,49.951629051176901],[11.433571926196541,49.952034280484604],[11.433387134401789,49.952139126736313],[11.43275824346814,49.952495940140544],[11.432290929123711,49.952959289109259],[11.431436659656539,49.953187923787041],[11.431224546287403,49.953261607938103],[11.430672206191486,49.953453478536964],[11.43058911958885,49.953453070869166],[11.429995884366711,49.953450158406838],[11.429274473258694,49.953446612582255],[11.427832339216787,49.95338132456444],[11.42670755471014,49.953172123354349],[11.425807871927566,49.952993118871476],[11.424999408054104,49.952727280412184],[11.424189912880111,49.95254870930097],[11.424188665379093,49.95255295027394],[11.424031613348767,49.952356772577083],[11.423946118646459,49.952249977610037],[11.423848602257943,49.952023167490381],[11.423702138610819,49.951699119012105],[11.423215777873022,49.950989434645031],[11.42310093584989,49.950115895179742],[11.423085729384765,49.949291348033228],[11.423093064234497,49.94867707294447],[11.423020803513767,49.948434221510027],[11.422915356402106,49.948336148078191],[11.422672600379183,49.948110364871951],[11.42260577662217,49.948048212912738],[11.421807997414975,49.947720918180465],[11.420836616046445,49.947247256425506],[11.419717086687852,49.946595019362732],[11.418971008381117,49.946138634351918],[11.41851508808551,49.945967246866367],[11.418161308890184,49.945834253563767],[11.417805110054413,49.945700347973947],[11.41723226950216,49.945422648021172],[11.416709730266422,49.945129032945601],[11.416578486734187,49.944884317314795],[11.416440233017019,49.944626528067758],[11.416379445630319,49.944535702059319],[11.416216065683782,49.944291584954655],[11.41607113027518,49.94407502318596],[11.415752256306586,49.943642812140155],[11.41565213208888,49.943507099761568],[11.414816465819081,49.942698622988956],[11.414243873949498,49.942404744164463],[11.413419823096618,49.942190421796148],[11.413140642090234,49.942064462966371],[11.413021209469221,49.942010578596943],[11.412673873699637,49.941733996398618],[11.412429288355401,49.941247774862497],[11.412258474301806,49.9408750879171],[11.411797436886966,49.940165484914502],[11.411422315993528,49.939738124467326],[11.411056261642784,49.939321085976999],[11.410737154982831,49.938785983283509],[11.410167198840835,49.938281936860911],[11.409296504238791,49.937792523875224],[11.408549077710932,49.937465393319904],[11.408407191073378,49.937290883687211],[11.408310766767899,49.936983235024783],[11.408062885045853,49.936771810964153],[11.407390816599026,49.936428891212316],[11.40666688312014,49.936231197815701],[11.405993441565323,49.936001426255665],[11.405670438932319,49.935789612416684],[11.405449010117351,49.935465154817877],[11.405152251648992,49.935156476668944],[11.404536726634067,49.934801706213079],[11.403639710335872,49.934425276809797],[11.402919416386032,49.933936588365277],[11.402399286545924,49.933465091694941],[11.402400359800309,49.93337827457966],[11.402402084253643,49.933238780140833],[11.402631273128831,49.932932803110639],[11.402661909412899,49.93248030796714],[11.402602278000941,49.932385814953292],[11.402416272103519,49.932091055387133],[11.40202038074551,49.931701027957722],[11.401113221441648,49.930633423439311],[11.400769040748834,49.930114329829109],[11.400172844931612,49.929723261220254],[11.399426006613467,49.929363742002849],[11.399323551789529,49.929337693452517],[11.398776934011364,49.929198718570682],[11.39767872824188,49.928902031099632],[11.396729575440506,49.928703104860077],[11.395879382904926,49.92860168541079],[11.394328039848736,49.928496598903699],[11.393126874787107,49.92842565872153],[11.391927338414169,49.928225384067183],[11.390877652418052,49.928058216003343],[11.390632709418711,49.927913560288204],[11.390380501898377,49.92776461329936],[11.390385393453963,49.927376650847989],[11.390443218502108,49.926762640189708],[11.390650060128726,49.926246408800708],[11.390955426895859,49.925860023076197],[11.391016501480397,49.924987370472408],[11.390875631686253,49.924242985586581],[11.390736395447654,49.923369281030716],[11.390596432730728,49.923071001762018],[11.390244872974966,49.922954147834609],[11.389819066026803,49.922818083108375],[11.389381256389269,49.922606675712672],[11.389349808103937,49.922574809110067],[11.389074260731801,49.922295586491714],[11.388923999967274,49.921627755246277],[11.388959847927717,49.921329675972984],[11.388986232347468,49.921110284506462],[11.388996378855408,49.921025918285928],[11.389091176612338,49.920700216346212],[11.389088140492555,49.920668945204916],[11.38961093558407,49.92035763047727],[11.390577336580842,49.920148809498485],[11.391332920943597,49.91993887552556],[11.392389651303667,49.919730513325874],[11.393236299262506,49.919462706110039],[11.393732040387517,49.919321261910561],[11.39417328196212,49.919195365374385],[11.395049052002108,49.919005478862111],[11.395808241423826,49.918503850303125],[11.396357101742444,49.917962231630035],[11.396698827153513,49.917496843228029],[11.396908567202329,49.917050215466084],[11.396979690783178,49.916987695439097],[11.397075290624326,49.916903658434641],[11.39724119797657,49.916822618230128],[11.398004957560957,49.916605447571094],[11.398362029511011,49.916451685750026],[11.398581367402242,49.916357638784874],[11.398833859620535,49.916249375440401],[11.399128831700542,49.915988816525356],[11.399155621897057,49.915874291853555],[11.399087491046076,49.915742895445227],[11.398692043271939,49.91541323717481],[11.398485012464921,49.915231979162556],[11.398463466721834,49.915084005048286],[11.398809244477182,49.915168137602031],[11.399188362768642,49.915280669805639],[11.400137460473458,49.915457576301307],[11.400586199021806,49.915511363704162],[11.401637866242917,49.915725196427729],[11.402861457548665,49.915967422382685],[11.403929524040709,49.916124577670431],[11.404837294663272,49.916172155143151],[11.40499883981304,49.916180621347692],[11.405423803871999,49.916182800087071],[11.406173164329287,49.916186638173166],[11.407763375214632,49.916329579272166],[11.408363382697193,49.916349491887139],[11.409069422089749,49.916235130061111],[11.409730866499933,49.916032066181835],[11.409792622180285,49.916021012571946],[11.410646281169315,49.915868205328124],[11.411535799246032,49.915687354689609],[11.412191470980961,49.91542105479077],[11.412977410938087,49.915172261615858],[11.413578220770235,49.915124745592195],[11.414138500263231,49.915176966552927],[11.414151711258615,49.915178197558284],[11.415064038649353,49.915267058893917],[11.4155064440729,49.915370397680746],[11.415607756815291,49.915387026531349],[11.415903639946139,49.915435590826384],[11.417340528414844,49.915308004765301],[11.418699528880175,49.915146307355691],[11.419511121863785,49.914931301790581],[11.419618636015182,49.914857883592539],[11.420221556470876,49.914446161230174],[11.420459440565388,49.914194578082942],[11.420853691808633,49.913960625449931],[11.421482039906646,49.913737506732296],[11.421508886165775,49.913727973835165],[11.422004487134096,49.913747295256279],[11.422446489982661,49.913884308903306],[11.423486673728439,49.914192808846295],[11.424084051132736,49.914431696373072],[11.424894570056734,49.914852791409679],[11.425466068957851,49.91507469227718],[11.426168050931684,49.915297235779036],[11.426785672625938,49.91534897285225],[11.427236978247674,49.9153867757745],[11.427291079657136,49.915383164305112],[11.428177222619494,49.915324007310048],[11.42971965234411,49.915095679051788],[11.431028396988715,49.914765075456849],[11.4316606264673,49.914262630200795],[11.43213686791219,49.913708863541558],[11.432771245369894,49.913021055826661],[11.433148472361879,49.912563696791118],[11.433347190161321,49.912525273164107],[11.433488487166578,49.912497951900789],[11.434140252254991,49.912551687250421],[11.435128685568444,49.912826127932902],[11.436090251730294,49.913167835288249],[11.436870735969055,49.913373844388254],[11.438017337227986,49.913514215680088],[11.440182037271175,49.913625790406968],[11.440834604374885,49.913612086257572],[11.441468035615873,49.913560369987486],[11.441500359512821,49.913548648034329],[11.442385240178261,49.913227752650528],[11.443091931053475,49.913045781226892],[11.443414797574333,49.913030660147513],[11.44374468200432,49.91301520949456],[11.44460444821749,49.913137288811789],[11.445495930502895,49.913304593421934],[11.445802291711727,49.913362086202611],[11.446945451804991,49.913805679692771],[11.449207276299632,49.914557904139542],[11.449857454494222,49.914657918256523],[11.449865839726915,49.914657619070425],[11.450268220372873,49.914643293763469],[11.450564523577409,49.914719785569766],[11.450856732335478,49.914795219714492],[11.45110469648451,49.915558658023343],[11.451588132398088,49.915925504588138],[11.452529929864893,49.916609362119374],[11.453169048585861,49.916827799540719],[11.453782884004966,49.917012971242386],[11.454190678618394,49.9172634550509],[11.454726041276185,49.917580820625552],[11.455467460558259,49.917832866510672],[11.456543810379479,49.917970481382895],[11.457492035456763,49.91809091564479],[11.458211155317242,49.918044563094156],[11.45882892028267,49.917881736868303],[11.459935382372899,49.917621757403225],[11.460214853463274,49.917513260539408],[11.460226522665989,49.917513314829968],[11.460855360007553,49.917464449884001],[11.462469629282539,49.917756779286535],[11.46442764579565,49.918395936037307],[11.465266362805918,49.918710538595832],[11.465290768851183,49.918712622728286],[11.46559976326555,49.91887009438485],[11.466519074969984,49.919288598033809],[11.467032165962616,49.919307526808417],[11.467751700581363,49.919267303463975],[11.467853949347107,49.919261586916917],[11.468961850611919,49.918868960007337],[11.469734842119388,49.918590789672137],[11.470738249213984,49.918363377503709],[11.470986607641068,49.918294820971745],[11.471742188424841,49.918086247085533],[11.47234034327459,49.91795225899407],[11.473830597772649,49.917793317671183],[11.474792406570547,49.917703267476249],[11.474189750969488,49.917996530634326],[11.473412187615079,49.91851907840347],[11.473063113695062,49.919071255384871],[11.47280470350781,49.920156839324314],[11.473184606151564,49.920712326619217],[11.473316084133904,49.920834397025679],[11.473694071323919,49.921185335841074],[11.474547814882389,49.92154915032296],[11.47561388391267,49.922107734961479],[11.475688291664122,49.922226171399096],[11.476119787161135,49.922912975376462],[11.476106890307424,49.924103503461509],[11.475708619109458,49.925236915424499],[11.475543516946567,49.925630724244201],[11.474671948265632,49.926900432566214],[11.47406128271478,49.927839059210946],[11.473787479218327,49.930336663967154],[11.473538252123509,49.930986826275372],[11.473462447239287,49.931184575516205],[11.473257707851154,49.931718662327668],[11.472515859113434,49.932878189329038],[11.471727446536928,49.934369756015954],[11.471205445773796,49.935031890546668],[11.470398871419613,49.935330193514766],[11.470225567424778,49.935394287714878],[11.469487845994738,49.935432299200805],[11.469238369295441,49.935445152217333],[11.468249340390612,49.935662128655395],[11.46699926880914,49.936210152599486],[11.465273938288734,49.937060542860763],[11.463295774523109,49.937494418319645],[11.460546656891518,49.937813926533742],[11.459085050571181,49.938084002778439],[11.458408913437617,49.938276596280957],[11.45781468711346,49.938445853149176],[11.457363555357597,49.93857434926062],[11.455557164394461,49.938981207549162],[11.453925152771358,49.939139666365193],[11.453195878821534,49.939136232016779],[11.452636945555779,49.939244348609257],[11.452119025949207,49.93951878486218],[11.452093302829082,49.939539228548519],[11.451599528339047,49.939931650709013],[11.450564599592063,49.940397451579955],[11.450546257536915,49.940404512270383],[11.449938814495722,49.940638362712562],[11.449229882628339,49.941394133601854],[11.448238411377741,49.942477661186651],[11.448090375147299,49.942678503428766],[11.447887715675085,49.942953452372002],[11.447851645264068,49.943002388387008],[11.447846832446034,49.943423619004655],[11.448140186149878,49.943934028105339],[11.448680725907762,49.944234985287039],[11.448977295449662,49.944464572155887],[11.449626638119732,49.944766042398413],[11.450070521672043,49.944938218728907],[11.449462962993497,49.945065715174046],[11.448970843281151,49.94519375667673],[11.448217482952133,49.945450932414772],[11.447461560467611,49.945931594980728],[11.446790501232245,49.946561660411462],[11.446120279803278,49.947117225221334],[11.445017534867297,49.947633465720976],[11.444212785837395,49.947902083501226],[11.444068596525415,49.947950211812582],[11.442561947633221,49.948445868262695],[11.440993661673547,49.949276466237116],[11.4397146089555,49.950052562311306],[11.438785127993608,49.950550955887586],[11.437114362058253,49.950964802577232]]]},"properties":{"FID":1,"Id":2,"GEBBEZ":"EZG Seitenbach"}},{"type":"Feature","id":2,"geometry":{"type":"Polygon","coordinates":[[[11.407848161032417,49.990744611244743],[11.407804153543621,49.990761834285117],[11.407773057896328,49.990773647426387],[11.407232622505386,49.990975252414628],[11.407200894818716,49.990986371390974],[11.407120557179921,49.991008831841789],[11.407036486581934,49.9910246237162],[11.406995752430067,49.99102969953217],[11.406882928143375,49.991041525420449],[11.405620924298027,49.991173799351962],[11.405575275617721,49.991177591482653],[11.404633532164814,49.991235524982642],[11.403843440898278,49.991329281755618],[11.402697727887332,49.991585290581327],[11.402502013401991,49.991629021457634],[11.401642065410504,49.992089527121074],[11.399895940357215,49.993024539840448],[11.398717769389682,49.993665058297623],[11.398660558190807,49.993693042272902],[11.398585210953053,49.993721811608893],[11.398504864577168,49.993744266210967],[11.398431907457235,49.99375838268147],[11.397895009736544,49.993841961213136],[11.397880501981962,49.993844108513315],[11.397842258658969,49.993849390589602],[11.397775603757864,49.993910403100323],[11.397666327567658,49.994232144765434],[11.397641669150561,49.99428718506465],[11.397614256665397,49.994329461969343],[11.396841647613371,49.99536869809404],[11.395821523599016,49.997040224108495],[11.395207669794164,49.998175419521274],[11.3950436126516,49.998555931907958],[11.394972195936589,49.998721573531569],[11.394956576124629,49.998753220354544],[11.39492184231028,49.998805044770606],[11.394877305683977,49.998853654470444],[11.394823668643628,49.998898282899461],[11.39476733770236,49.998935028060721],[11.39435966547401,49.999172009963253],[11.394287714360294,49.999208236977623],[11.394277508400052,49.999212629425941],[11.393671383530158,49.99946854994208],[11.393664574352664,49.999471388580425],[11.393168806160539,49.999675439432465],[11.392317788717834,50.000025695057701],[11.392259444786976,50.000047229154674],[11.392239902709223,50.000053410627928],[11.391352783585198,50.000323025628404],[11.390646364135346,50.000575522758268],[11.389931019674783,50.000934477384405],[11.3898949226827,50.00095142256243],[11.389819558873635,50.000980186481534],[11.389739196264072,50.001002635276215],[11.389655102246003,50.00101841490627],[11.389568603064234,50.00102727651057],[11.389481062898691,50.001029080331783],[11.389393862348319,50.001023797921356],[11.389308376655718,50.001011512587759],[11.389225954016387,50.000992418082731],[11.389147894314736,50.000966815545375],[11.389075428622107,50.000935108752692],[11.389009699780832,50.000897797750824],[11.388951744379602,50.000855470968794],[11.388910497942556,50.000817311424242],[11.388893636830151,50.000799851123887],[11.388885615299348,50.000791335635718],[11.38885633886014,50.000755955597974],[11.388202672807024,49.999873306244574],[11.387357054934624,49.999404385066867],[11.386530405052845,49.998975398071792],[11.385428729574768,49.998613015868642],[11.384151071600398,49.998275704366122],[11.384138729164148,49.9982723562239],[11.38406067654647,49.998246750201275],[11.384027982703184,49.998233499473386],[11.382837843784444,49.997720951194076],[11.382798080251058,49.997702491472126],[11.382732360708314,49.997665176835937],[11.382674414773479,49.997622846846468],[11.382630856374561,49.997582265147429],[11.381892867279586,49.996806944501699],[11.381887167376879,49.996800848399651],[11.381847374585968,49.996750558733737],[11.38181767350507,49.996697450613368],[11.381798532508942,49.996642361593608],[11.381794475973793,49.996623262153356],[11.381529296847912,49.995138412749725],[11.381318054801554,49.994594698905111],[11.380848650840152,49.994159914470991],[11.379918448040467,49.993801683546963],[11.378598647286498,49.993367410880722],[11.378560936493248,49.993354040758582],[11.378488489210023,49.993322327105759],[11.378449977837056,49.993301613599428],[11.377188041235931,49.992571666389942],[11.377160843251596,49.992555062341516],[11.377118291752165,49.992525051171476],[11.376081666541484,49.991723984146965],[11.376066283723189,49.991711662196685],[11.376017037774398,49.991664981398038],[11.375977255462795,49.991614689521391],[11.375953776574114,49.991574607652019],[11.375857330512568,49.991382755961091],[11.375335079640037,49.991516661845786],[11.374066137123366,49.991951947984752],[11.373068785955786,49.992325733522151],[11.372298070351967,49.992627584889689],[11.371370416102039,49.993026948402012],[11.371299920687109,49.993053585542057],[11.371219562051325,49.993076021415177],[11.371135475212544,49.993091787486598],[11.371102130843473,49.993096051615886],[11.369866365363183,49.993233984983291],[11.369813220533452,49.993238567913757],[11.369725693241481,49.993240356621783],[11.369638508468883,49.993235059120053],[11.369553041209443,49.993222758955064],[11.369526293574046,49.993217376451952],[11.368034788422209,49.992895885702524],[11.367979134990405,49.992882158634629],[11.367928990436042,49.992866620188678],[11.366998352311843,49.992548169857201],[11.366970461656658,49.992538090893547],[11.366898022992682,49.992506369863442],[11.366832322669515,49.992469045896073],[11.366816822309119,49.992458733499625],[11.366038608745693,49.991924152750606],[11.365996184252577,49.991892126573774],[11.365963620474835,49.991862704165385],[11.365525208626014,49.991430857725007],[11.364872998639701,49.991151521231906],[11.363850267543041,49.990947595346832],[11.363797526909359,49.99093556441732],[11.361591813976162,49.990367214900715],[11.361573786066776,49.990362379579494],[11.361495757863343,49.990336757967704],[11.361423326041015,49.990305033403473],[11.361357632907836,49.990267706213423],[11.361299714489435,49.990225365081621],[11.361250484189908,49.99017867776535],[11.361210718387159,49.990128380563036],[11.361181044189811,49.990075266701879],[11.361161929548748,49.990020173827574],[11.361153675878835,49.989963970793184],[11.361156413308015,49.989907543957187],[11.361170098626909,49.989851783204202],[11.361194515973269,49.989797567911445],[11.361224222533192,49.989753291406892],[11.36124893521705,49.989681917765211],[11.3611657776949,49.989548490347019],[11.360701620331893,49.989260988753173],[11.360691724799617,49.989254736271654],[11.360670328505986,49.989240319530857],[11.35981298567765,49.988636352385747],[11.359776466330471,49.988608427341553],[11.359771650565538,49.988604378440264],[11.358915980375436,49.987876432852921],[11.358871570436579,49.987833793378663],[11.358835369125297,49.987788706853458],[11.358489446376421,49.987290870739109],[11.358485886432288,49.987285659149563],[11.35845621707001,49.987232544496337],[11.358441971820062,49.987194986670474],[11.358288335647085,49.986698213521528],[11.358283470704821,49.986680677926408],[11.35827540506307,49.986627836647784],[11.358272706651196,49.986583258447645],[11.358224911404715,49.986584581100303],[11.357480029252548,49.986580459900949],[11.357464188721208,49.98658025613959],[11.357436550485465,49.98657934372077],[11.356960083203763,49.986557492929677],[11.356900549826721,49.986553098177545],[11.356813675538968,49.98654052002788],[11.356396147036682,49.986461096254253],[11.356316605440496,49.986442514522587],[11.356238586323801,49.986416889221339],[11.356208455744795,49.986404723548752],[11.355655632706164,49.986168649933425],[11.355270665574897,49.986049221717806],[11.354796735627849,49.985985363083415],[11.354168951484095,49.98594664498102],[11.353293973997387,49.985922960157289],[11.353251743010381,49.985920987142471],[11.351673909312332,49.985816124311327],[11.351636354414932,49.985812961373426],[11.351593415264865,49.985807682621811],[11.350344365884022,49.985627788360127],[11.350301855458751,49.985620752937621],[11.350241718858991,49.985607544969838],[11.349246175829544,49.985355697794141],[11.34801277387405,49.985082894491782],[11.347962095980575,49.985070241490334],[11.347947367461932,49.985066000585171],[11.347404237608266,49.984904726330505],[11.346354530708405,49.984715432289832],[11.346268770449537,49.98469568490497],[11.346201790520244,49.984674172326777],[11.345668103332429,49.984479044068522],[11.345657072199939,49.984474924404765],[11.345584659396712,49.984443189633048],[11.345518986358691,49.984405853135542],[11.34546108879446,49.984363503743189],[11.345417576270437,49.9843229101483],[11.345270692781082,49.984168383993534],[11.345264996327149,49.984162283180815],[11.345225252187577,49.98411198012812],[11.345195599387717,49.984058861809892],[11.34517650554092,49.984003765941971],[11.345168271734241,49.98394756142482],[11.345167955869709,49.983929537369427],[11.345170562950729,49.983737430466277],[11.345171559120217,49.983717021719485],[11.345207088837554,49.983294554970733],[11.345209164545448,49.983276560985857],[11.345210287051051,49.983269503888806],[11.345400536486851,49.982159742740308],[11.345410005011543,49.98146173704319],[11.345276175153941,49.981041088931939],[11.344835509668316,49.981215246584895],[11.34478766599725,49.981232523958518],[11.34471576403533,49.981252940264525],[11.343519462435793,49.98154190175417],[11.342738633870672,49.981756937135792],[11.342700909949167,49.981766499678876],[11.342662498196733,49.981774611342601],[11.340304046404531,49.982224259152751],[11.340258380052635,49.982231891837991],[11.340234916266981,49.982234999849567],[11.339819587328991,49.982285234742221],[11.338721968266102,49.982417987571374],[11.338658954559769,49.982423703280141],[11.33858728594363,49.982425674577783],[11.338166374135087,49.982423275079697],[11.338150533118686,49.982423068648025],[11.338063370604056,49.982417747058115],[11.337977929872565,49.982405423198657],[11.337946232794566,49.982398949320029],[11.337501875699733,49.982300614448661],[11.33745120152995,49.982287956359997],[11.337373198801622,49.98226231810176],[11.337300794644952,49.982230578016228],[11.337287864450024,49.982223948736362],[11.336796187646234,49.981965675240112],[11.336767059656374,49.981949492639394],[11.336318932006783,49.981686298066975],[11.335820871005655,49.981433544345734],[11.334794757626511,49.98099792014056],[11.332599180822253,49.980238827736656],[11.332333529251491,49.980146977513769],[11.332311696052514,49.98013910007387],[11.330240759701477,49.97936007318544],[11.330164611640708,49.979326671398958],[11.329621830508215,49.979051170420625],[11.329559932113789,49.979015717012025],[11.329502055040033,49.978973359159262],[11.329477192732044,49.978951330504252],[11.329086175510895,49.978581839841326],[11.329061850190584,49.978557166755031],[11.329022127659467,49.978506857680735],[11.328995375359225,49.978459963563331],[11.328851047796675,49.978155764614684],[11.328848168755293,49.978149535825473],[11.328829096098859,49.978094436852878],[11.328821130338078,49.97804266027417],[11.328800691597033,49.977720996339428],[11.328803342808254,49.977662354882234],[11.3288170626442,49.977606597375683],[11.328831121334646,49.977572449004313],[11.328906368700384,49.977414916532076],[11.328892236558504,49.97698764595534],[11.328735117151986,49.976279135677665],[11.328728850714858,49.976236402516214],[11.328708091609013,49.975948884351133],[11.328707674811753,49.975941964954274],[11.32871044998584,49.975885538218535],[11.328724169494169,49.975829780713227],[11.328748616935192,49.975775571764252],[11.328783406725375,49.975723766273077],[11.32880231054901,49.975701441139101],[11.328898155410146,49.975595490232976],[11.328902874418622,49.975590273133641],[11.328928568496215,49.975563997115451],[11.328982242277824,49.975519398690324],[11.3290441601079,49.975479490247054],[11.329113345504517,49.97544490115331],[11.329188707381304,49.975416176887819],[11.329246854773533,49.975399198042666],[11.329744140759924,49.975271342233064],[11.33007168277271,49.975147159454863],[11.330079127922275,49.975144376453351],[11.330209142205657,49.975096465875751],[11.330232170796389,49.975069808484896],[11.33031482453263,49.974904446083222],[11.330329086221413,49.974804845224938],[11.330253898775682,49.974306698698797],[11.32997645180459,49.973417352738068],[11.329971310004186,49.973398885464022],[11.329965962597974,49.973371738844058],[11.329920664371381,49.973068111764668],[11.329917797950689,49.973039052379356],[11.329920571657192,49.97298262561236],[11.329934289050941,49.972926867971559],[11.329958733763739,49.972872658785043],[11.329966187288075,49.972859925830974],[11.330092840743992,49.972653091795372],[11.330120173495995,49.972614018894475],[11.330164752822125,49.972565433381561],[11.330218422200103,49.972520834430398],[11.330271442276421,49.972486067093755],[11.330620881130709,49.972280518034033],[11.330629774000375,49.972275376295734],[11.330698953711561,49.972240786324598],[11.33074477552408,49.972222345127825],[11.331341973383507,49.972002256107658],[11.331372820152962,49.971991543012919],[11.33214970443241,49.971739055896805],[11.332222909373748,49.97170596370885],[11.332167626578505,49.971576820330739],[11.332151044322778,49.971527396513714],[11.33214282828685,49.971471190704861],[11.332142758853593,49.971444689908346],[11.332151874218217,49.971233185259557],[11.332154714718287,49.971203259253876],[11.332155710642642,49.971196955237332],[11.332178905171919,49.971059734727973],[11.332184005565932,49.970691046813947],[11.332167729508129,49.970299093769768],[11.332045746068516,49.969972007109376],[11.331732217348765,49.969285628144171],[11.331406101685223,49.968868999437028],[11.330897628315901,49.96846895067948],[11.33088579677541,49.968459379044099],[11.330836618503058,49.968412677759758],[11.330796902854278,49.968362369114367],[11.330787214597065,49.968347160483241],[11.330690419851196,49.968186937047115],[11.330670481546861,49.968149023059716],[11.330651411162,49.968093924270924],[11.330643197606765,49.968037718267936],[11.330642887417049,49.968019698243033],[11.330644658198509,49.967891976105037],[11.330647188993122,49.967857510769441],[11.330702723133738,49.967440727024474],[11.330708437640808,49.967410986173249],[11.330833558463524,49.966900472173023],[11.330824330059627,49.966820397266801],[11.330771309810284,49.966785580619451],[11.33071547290808,49.966744117964204],[11.330308624134837,49.966398172998595],[11.329708335802458,49.965940799922372],[11.329689448114618,49.965925764116236],[11.329640273648323,49.965879062249357],[11.32962867585932,49.965865903568222],[11.329049429325149,49.96518214598877],[11.328616115519468,49.964706684687087],[11.328577228346353,49.964657275841788],[11.328547606476514,49.964604152573536],[11.328544355845503,49.96459668724183],[11.328328710438166,49.964084507705088],[11.328312895031848,49.964036873771256],[11.328307517407367,49.964009509407887],[11.32824528343628,49.963590026176725],[11.3282424511453,49.963561184279364],[11.328245226645064,49.963504757446117],[11.328252657880061,49.963469295095102],[11.328255021855664,49.963460628538577],[11.328266300985849,49.963419264244408],[11.328304815480134,49.963278021588565],[11.328311107673327,49.963257702745807],[11.32831944760551,49.963236175657997],[11.328421472612817,49.962997980662387],[11.328548004186478,49.96269874447443],[11.328793191966717,49.962089357331195],[11.328920240094284,49.961502111253282],[11.32892235992651,49.96134957009005],[11.328872460071695,49.96116896206965],[11.328745174103304,49.960929490059648],[11.328735111611477,49.960908970345827],[11.328717280451984,49.960858733515607],[11.328599136351556,49.960408558092283],[11.328590309865824,49.960349920610064],[11.328590564326664,49.960317411301595],[11.328622192861244,49.959822629725679],[11.328624160912629,49.959802655393048],[11.32876160256181,49.958771042422441],[11.328819123643603,49.958168942326459],[11.328905012493806,49.957338043106873],[11.328906580025487,49.957325518261094],[11.328917260036544,49.957278957638444],[11.329053222444585,49.956844653968183],[11.329056257119221,49.956835456977018],[11.329080695291406,49.956781247944598],[11.329115471726144,49.956729442408552],[11.329160037951464,49.956680857364667],[11.329190068250348,49.956654484855001],[11.329365286916174,49.956511798623723],[11.329388909642674,49.956493572752279],[11.329450803259151,49.956453664343442],[11.329519961550062,49.956419075317221],[11.329595293856469,49.956390351151235],[11.329664728620109,49.956370536748146],[11.330111708541891,49.956261351110449],[11.330122592032579,49.956258759152711],[11.330206629346902,49.95624302371224],[11.330293060782571,49.956234207605121],[11.330315018669145,49.956233097999885],[11.330657569057337,49.956219297585669],[11.331247804329964,49.956190988872478],[11.331279896505482,49.956189928953357],[11.331833367625961,49.956179895639892],[11.332166983082057,49.956100091790141],[11.332593004731182,49.955912502050538],[11.33287928943243,49.955697093775683],[11.332905457049689,49.955664067627012],[11.332944860164742,49.955368090280572],[11.332915672102366,49.955012832426327],[11.332852666708121,49.95489786392028],[11.332840431941779,49.954873320904106],[11.332821364816178,49.95481822236718],[11.332813151509695,49.954762016425853],[11.33281284071526,49.954743999904473],[11.332816148601545,49.95450452012625],[11.332819229388475,49.954466109704804],[11.332832938917575,49.95441035164793],[11.332857371735756,49.954356141812305],[11.332878720526297,49.954322293939526],[11.332979684131432,49.954179174369919],[11.332993106019341,49.954161215532672],[11.333037575365966,49.954112715062777],[11.33323822599761,49.953922225511711],[11.333264768808757,49.953898707424862],[11.333537978329954,49.953672398486503],[11.333748217662025,49.953367852243112],[11.334351236323618,49.952348921398006],[11.334356224320894,49.952341059013314],[11.334386062320737,49.9522971286247],[11.334401435756625,49.952279762225828],[11.334429622362174,49.952248176655928],[11.334652159893094,49.951993547735718],[11.334682016634689,49.951962584113268],[11.334718016474449,49.951931410900016],[11.335018239443183,49.951693632101595],[11.335035882418225,49.951680204339745],[11.335046315924723,49.951672741556251],[11.335713982989445,49.951205774940611],[11.335991505130517,49.950882078027838],[11.336232678980044,49.950562615507039],[11.336620845708097,49.950022303521223],[11.335917158804062,49.950096450874604],[11.334960670227616,49.950272035156104],[11.334941343641797,49.950275390038371],[11.333035141274944,49.950587394493297],[11.333015661665813,49.950590391129374],[11.33292924069292,49.950599209358124],[11.332857633829837,49.950601176515107],[11.331122695318864,49.950591188611298],[11.331106849880559,49.950590980930869],[11.331028622371353,49.950586523857382],[11.330295506422399,49.950517706229128],[11.330286629809128,49.950516835228129],[11.330201247781103,49.950504504471589],[11.330118934245537,49.950485365998524],[11.330078669752035,49.95047311453343],[11.32961366321787,49.950319720624215],[11.329575981076923,49.950306327577138],[11.329503630674694,49.95027458147343],[11.329438017287002,49.950237234610107],[11.329402393274432,49.950212435970833],[11.32894008409558,49.94986528769401],[11.328917866831935,49.949847727610127],[11.328885364957813,49.949818303960015],[11.328225163641376,49.949166696191007],[11.327760176756305,49.948697506370834],[11.327108828415829,49.948228794220014],[11.325857771963864,49.94736356870245],[11.325816534192507,49.947332299498328],[11.325767382965713,49.947285595509555],[11.325727640348237,49.947235209473419],[11.325509374389611,49.946909101972487],[11.325506971852295,49.946905512123735],[11.325477471975006,49.946852547627849],[11.325458416726834,49.946797447582654],[11.325450213671889,49.946741240875873],[11.325452992139825,49.946684813923817],[11.325466708274284,49.946629056612899],[11.32549114572703,49.946574848266053],[11.325525919072097,49.946523043775251],[11.325570479886252,49.946474460119539],[11.325579435177968,49.94646616526596],[11.325988408991835,49.946096286397363],[11.326311564981154,49.945435156623198],[11.326442023929843,49.944610637303995],[11.326371735596956,49.944596232951056],[11.326305705750865,49.944580285686762],[11.326231531570716,49.944556064837073],[11.325997333481352,49.944467883701243],[11.325958648467401,49.944452090478784],[11.325759690610333,49.94436481578262],[11.325724155955262,49.944348147268713],[11.325658553625637,49.944310798066034],[11.325603442390944,49.944270686970889],[11.325338209580725,49.94405273081783],[11.325287702347909,49.944004901732825],[11.32528257130762,49.94399920331945],[11.325079610126629,49.943769945831384],[11.324421597501544,49.943239091797935],[11.323996236153496,49.94298799113551],[11.323621026351379,49.942802936636738],[11.323551219439375,49.942763167181788],[11.323449925922883,49.942696619385245],[11.323396337644697,49.942657018920755],[11.323347193635323,49.942610313764384],[11.323307507839177,49.942560001910998],[11.323277906103149,49.942506876818769],[11.323258855235391,49.942451776310435],[11.323253913508101,49.942427221875327],[11.323223269743975,49.942233274724593],[11.323220011918528,49.942201622206468],[11.323219704897085,49.942183608860944],[11.323220609410232,49.94211902526397],[11.32322369742332,49.942080611634495],[11.323237415013786,49.942024854527467],[11.323261852830948,49.941970646608176],[11.32327941095928,49.941942271986399],[11.323324087241925,49.941876641542997],[11.323324603910349,49.941839744684927],[11.323327618453208,49.941624464873314],[11.323333345994952,49.94121543245199],[11.323336661876917,49.940978624425234],[11.323339749759459,49.940940210509808],[11.323353466936414,49.940884453385785],[11.323377904089105,49.940830245442825],[11.323412841274928,49.940778232433495],[11.32342607418431,49.940761529858101],[11.323514893173423,49.940649430018802],[11.323559112991804,49.940601274082269],[11.323604015696477,49.940563195244998],[11.323772608964898,49.94043499934326],[11.323941201337668,49.940306803189912],[11.323949939640466,49.940300286297592],[11.324011817553824,49.940260380933886],[11.324080957057621,49.940225795352966],[11.32409113571266,49.940221418284324],[11.324383753041866,49.940097965326956],[11.324847283046322,49.939888343804775],[11.324966591964408,49.939835459058706],[11.325022704595227,49.93968754047409],[11.325025073632437,49.939517920367344],[11.325028160122285,49.939479506033365],[11.325041874986089,49.939423748732153],[11.325066309548705,49.939369540460348],[11.325071626366215,49.939360336403155],[11.325188776900559,49.939164110364146],[11.325245617616602,49.939057273886853],[11.325338123858465,49.938707208715563],[11.32534503816281,49.93868456650101],[11.325356760701094,49.938655397693829],[11.325595919795999,49.938133012873216],[11.325608630879174,49.938107973324627],[11.325643398311129,49.938056168822328],[11.325653624893766,49.93804371256762],[11.325928636361189,49.937721069669216],[11.3259629625228,49.937684942200207],[11.326016598182754,49.937640345470975],[11.32606310835738,49.937609440396081],[11.326472314607942,49.937362400437671],[11.326487677114351,49.937353399053634],[11.32655681070545,49.937318812069563],[11.326608001364304,49.93729840226532],[11.327015814500847,49.937151118095272],[11.327023162785119,49.937148501590478],[11.327282008485048,49.937057642362362],[11.327726071507184,49.936767054046811],[11.328029566621838,49.936331530911403],[11.328044289863445,49.936311712330493],[11.328081803908603,49.936269937216295],[11.328571560127779,49.935786410936224],[11.328578595123151,49.93577960149976],[11.328632226271763,49.935735003615164],[11.328694094513024,49.935695095869789],[11.328741648463691,49.935670356529876],[11.329208438008134,49.935448581047893],[11.329230013495785,49.935438732054088],[11.329305313686422,49.935410008471194],[11.329385597578133,49.935387602801605],[11.329407006996457,49.935382884459081],[11.329639533932873,49.935334345355564],[11.329702125888153,49.93532332915936],[11.329788520126543,49.935314513961998],[11.329875944822582,49.935312757164866],[11.32991791237181,49.935314435983713],[11.330381237904287,49.935342052072293],[11.330426346861948,49.935345702379799],[11.330503404795248,49.935356511764688],[11.331036110141548,49.935451906994601],[11.331594405523232,49.935455124800939],[11.332269797540048,49.935364422521069],[11.332733356374355,49.935292448855797],[11.333762291234423,49.935014795692929],[11.333922257017003,49.93493878344848],[11.334068398245131,49.934869340028889],[11.334100377268076,49.934819039541935],[11.334156743151473,49.93461211075239],[11.334163031385666,49.934591784879167],[11.334187453436984,49.934537574762913],[11.334201065454714,49.934515099566362],[11.334436651345758,49.934154933069969],[11.334457794807708,49.934125601197586],[11.334502335599286,49.934077014190727],[11.334544611478968,49.934040930085487],[11.335010796900686,49.933682084866724],[11.335022144710791,49.933673568245027],[11.335084005097132,49.933633657014454],[11.335101667990898,49.9336239428631],[11.336053411138844,49.933117917289309],[11.336201653520236,49.932977106798972],[11.33645670857674,49.932734835422657],[11.336488591747637,49.932642784159718],[11.335695217104668,49.932157442290212],[11.334763044032302,49.931619445671728],[11.334734680233645,49.931602127826444],[11.334691621456296,49.931571643397646],[11.333257420931492,49.930457590333226],[11.333242657001611,49.930445718357412],[11.333193516343592,49.930399017384786],[11.333174677876364,49.930377066952992],[11.332591717616735,49.929650677924819],[11.3325708712024,49.92962231977814],[11.332541267715444,49.929569197063053],[11.332530131850312,49.929541066362567],[11.332245120775342,49.928710060982318],[11.332237201138247,49.928683092694413],[11.332229320048613,49.928632510160753],[11.332174599147574,49.92782409537493],[11.332174273106148,49.927818471615147],[11.332177043387212,49.927762044458731],[11.332180892618622,49.927741082898933],[11.332251179112394,49.927422500997658],[11.33226103352113,49.927387704434729],[11.332285454355185,49.927333494679381],[11.3323202072706,49.927281688208041],[11.332364744166272,49.927233102031153],[11.332418362649687,49.927188502371386],[11.332480217114989,49.927148592580302],[11.332490628325054,49.9271427872144],[11.332731268585794,49.927011260597233],[11.332789972035666,49.92698247531159],[11.332865257173223,49.926953749385433],[11.332945525571965,49.926931341219358],[11.333029511376861,49.926915604194356],[11.333115890113371,49.926906786485567],[11.333134027902238,49.926905836757072],[11.33398306931436,49.926868577661757],[11.334606673153354,49.926831930546086],[11.335667880702111,49.926713643579241],[11.335715610378426,49.926709414926442],[11.337169247081347,49.926613554736186],[11.338015332312661,49.926509329291925],[11.338047516177546,49.926497454331582],[11.33808134186514,49.926403132399642],[11.337986791236203,49.926109890908918],[11.337870364462388,49.926011471106435],[11.336680504218894,49.925144984450888],[11.336651270131403,49.925122229530601],[11.33662759563364,49.925101298008109],[11.336172305693974,49.924673377196044],[11.336146842351228,49.924647609011046],[11.336109833267308,49.924601242105169],[11.335664445045682,49.923953439596225],[11.335633504622432,49.9238983473088],[11.335628109576547,49.92388565784163],[11.335277788660726,49.923011753805895],[11.335267376248629,49.922981520398764],[11.334984402587292,49.922001671967301],[11.334981153906263,49.92198949629114],[11.334972944978565,49.921933290163651],[11.334975711887434,49.921876862941012],[11.334989410958858,49.921821104513931],[11.334999348767752,49.921795881530464],[11.335271308248069,49.921180731377547],[11.335285785258167,49.921151744038504],[11.33532053070825,49.921099936730421],[11.335343318220179,49.921073340213582],[11.335887985950539,49.92048546142108],[11.335911678795725,49.920459888247976],[11.335933420878787,49.920437895508272],[11.335987028688619,49.920393294310514],[11.336048871637502,49.920353382744977],[11.336067742396674,49.920343024966343],[11.33697183726621,49.919864398874928],[11.337022068337991,49.919840163757605],[11.337067820874514,49.91982172714745],[11.337465069148312,49.919675135998993],[11.337494587983528,49.919664844005688],[11.337574842136871,49.919642432819927],[11.337596239248342,49.919637713962103],[11.338042157902031,49.919544563363296],[11.338100201818005,49.919534205307436],[11.338538060154894,49.919469083613691],[11.338973121194108,49.919348106738987],[11.339242264332906,49.919223453381917],[11.339361919849489,49.919109753154544],[11.33937038748641,49.919101706824165],[11.339503105487367,49.918906531209203],[11.339580572018075,49.918441252882161],[11.339571050976708,49.918254032374307],[11.339487450517163,49.917981023878347],[11.339482781010606,49.917964075665317],[11.339479308819579,49.917948038443093],[11.339387191180453,49.917458400689213],[11.339386058660624,49.917451997823136],[11.339283371024127,49.91683204533485],[11.339279762698881,49.916798279629212],[11.33927969686779,49.916771630226975],[11.339303715620499,49.916218855748525],[11.339304465746149,49.916207090635261],[11.339343786935114,49.915739466877],[11.339345864365528,49.915721454096051],[11.339359556877346,49.915665695198989],[11.339367540425513,49.915644974483023],[11.339520666934193,49.915284327088671],[11.339537090515314,49.915250836639025],[11.339571993970541,49.915198817334861],[11.339890519744808,49.914796367829766],[11.339935623147754,49.91474733247172],[11.340591246760747,49.914130820766921],[11.34064300637012,49.914087953688494],[11.340677224653868,49.914064634143941],[11.341125692830992,49.913780093180996],[11.341149865363292,49.913765469562954],[11.341434340295013,49.913601399110227],[11.34148062641021,49.913550803749708],[11.341482672589393,49.913533303943304],[11.341445337466803,49.913268747837222],[11.34132853136337,49.912825398787369],[11.34132722451066,49.91282025850856],[11.341319010142644,49.912764052835243],[11.341318688655328,49.912753297776426],[11.341311199274461,49.912094013367387],[11.341312081182663,49.912067855774239],[11.341391689659142,49.911058181353582],[11.341393888499216,49.911038666659621],[11.341407577499934,49.910982907533914],[11.341423910959538,49.910944023500605],[11.341576284808621,49.910636533579293],[11.341584354107519,49.910621206055161],[11.341606083310834,49.910586783230727],[11.341727796595393,49.910414688926792],[11.341740798758559,49.910397302668983],[11.341785311089509,49.910348713114914],[11.341838902540371,49.910304109386303],[11.34189335146503,49.910268453917524],[11.342109116605084,49.910142081816161],[11.342116493033231,49.910137822784293],[11.342185577004354,49.910103226876757],[11.342260830408692,49.910074495246135],[11.342341066472745,49.910052080996401],[11.342421500154245,49.910036851547801],[11.342722618894413,49.909992351909693],[11.343023035566102,49.909919680957707],[11.34304400268069,49.909750949023753],[11.343062356815047,49.909507998405516],[11.343043254627043,49.908927985188917],[11.343012520155368,49.908772241333494],[11.342975187902127,49.908710399951083],[11.342862463525528,49.908602497082462],[11.342545211459836,49.908364148240082],[11.342234128575939,49.908127362220455],[11.342214842227584,49.908112009607706],[11.342165716473021,49.908065312063513],[11.342155944521229,49.908054284760333],[11.341945251579936,49.907808531866898],[11.341915348209918,49.907769253407608],[11.341885748740953,49.907716132847909],[11.341873413841975,49.907684438712742],[11.341810164634355,49.907492687568961],[11.341803442650884,49.907469284112729],[11.34179605034903,49.907424985905287],[11.341785330336643,49.907305304666515],[11.341784508846381,49.907293397180915],[11.341787267548382,49.9072369697952],[11.341789391441313,49.907224375731595],[11.341860303884038,49.906852625864296],[11.341863329198583,49.906838592131479],[11.341957920781383,49.906445287301104],[11.341933892585175,49.905997790123919],[11.341933546305976,49.905987347559794],[11.341924891887118,49.905413120503304],[11.341926296554167,49.90537986656738],[11.341987396891369,49.904766822185849],[11.341989057996672,49.904753328121053],[11.3420027447784,49.904697568906109],[11.342020653140509,49.904655541134325],[11.342097393020254,49.904504491965355],[11.342104478901872,49.904491249420275],[11.342351065907145,49.904055925632989],[11.342380872179977,49.904011030491262],[11.342555459836467,49.903783114900016],[11.342559189648442,49.903778318054357],[11.342599475307175,49.903733784857842],[11.342955770828715,49.903387224017813],[11.342961046581394,49.903347486726418],[11.342958980589502,49.9033312284459],[11.342945394907266,49.903317168974375],[11.342743950524111,49.903203652310701],[11.341413857901777,49.902650553531529],[11.341392295277791,49.902641214872943],[11.34056282591634,49.902267299912197],[11.340534493871123,49.902253827580978],[11.340509845557394,49.902240881750124],[11.339953834382293,49.901934972458818],[11.339912285024331,49.90191016009323],[11.33943854162349,49.901602457833121],[11.339381116653348,49.901560166424083],[11.338883508405408,49.901141933275966],[11.338836232952941,49.901096773592151],[11.338796566692517,49.901046466558206],[11.338766974989538,49.900993345033001],[11.338748925953142,49.900942220516576],[11.338692167483181,49.900723139615742],[11.338683457984557,49.900664946703998],[11.338683145845572,49.900646944345425],[11.338685790492708,49.900453409108195],[11.338688864832509,49.90041498404608],[11.338702554376219,49.900359225143944],[11.338710268686279,49.900339135776932],[11.338903813552289,49.899880559007677],[11.338920499912737,49.89984643731372],[11.338928883573235,49.899832169191761],[11.338990197118015,49.899732930760223],[11.339062942874431,49.899615188909983],[11.339083018079767,49.899585793659611],[11.339426366229151,49.89912806944055],[11.339432633550533,49.899119925248023],[11.339446301335993,49.899103460865859],[11.339706191067975,49.898805431387046],[11.339787636867419,49.898602606300273],[11.339835523789516,49.898336091480225],[11.339811292624441,49.898103790186866],[11.339753575309032,49.898001861876864],[11.339718998434781,49.897975714720559],[11.339399832003014,49.897846688897303],[11.339344777878237,49.897821971676407],[11.338887860926564,49.897594987270956],[11.338821117890815,49.897557048021937],[11.338780939790826,49.89752876691653],[11.338614146020953,49.897400798737614],[11.338596170860207,49.897386417477023],[11.338237069336172,49.897086179262963],[11.338188694897944,49.897040093840324],[11.338168207099219,49.897016060314314],[11.337958639221558,49.896751416835421],[11.337740864834393,49.896485308518578],[11.337224845592308,49.896057792885678],[11.337208169265265,49.896043350306257],[11.336752174263793,49.895631437584619],[11.336383496213358,49.895347689855626],[11.336048081017022,49.895182164968865],[11.335683427308126,49.895061762527313],[11.335467380565108,49.895023708329887],[11.335147886815777,49.895011257639965],[11.335080766002752,49.895006522035558],[11.334995481179313,49.894994193443239],[11.334913260901214,49.894975056966949],[11.33483540186138,49.894949414407755],[11.334763131966517,49.894917670173754],[11.334697590970823,49.894880324901457],[11.334639812500647,49.894837967560306],[11.334590707752948,49.894791266163118],[11.334551051125658,49.894740957230297],[11.334521468005669,49.89468783417405],[11.334502424907532,49.894632734784977],[11.334494222118012,49.894576528018938],[11.334496988962648,49.894520100293178],[11.334510681768428,49.894464341506357],[11.334535084555029,49.894410131004669],[11.334569812443188,49.894358323713952],[11.334614317726617,49.894309736657675],[11.334667898511269,49.894265136072235],[11.334729709785858,49.89422522532378],[11.334798776748801,49.894190633816521],[11.334861996153784,49.894165954821716],[11.335267648064422,49.894026020080162],[11.335279662022341,49.89402197228457],[11.335308842432472,49.894012918766919],[11.335943045151051,49.893827748882231],[11.336366176219927,49.893632119510038],[11.336845764324767,49.893372896346492],[11.337182726531603,49.89307829691986],[11.337244615586718,49.892973504234881],[11.337254524365845,49.892751613278094],[11.33720372054594,49.89250639653941],[11.337153421305439,49.892263612892954],[11.337033026402995,49.892017235677869],[11.337028333561568,49.892007228188881],[11.337022945044158,49.891994546304225],[11.336998166180233,49.891932699069997],[11.336924749564488,49.89193227941157],[11.336908900030041,49.891932072147277],[11.336821901102979,49.891926747097962],[11.336736621345949,49.891914419706879],[11.336654405706549,49.89189528438893],[11.336576550804523,49.891869642926984],[11.336504284481268,49.891837899711767],[11.336438746434823,49.891800555363865],[11.336380970244832,49.891758198838019],[11.336335060256468,49.891714952737075],[11.336208247980293,49.891579125169748],[11.336166995859445,49.891527089446605],[11.336137413065678,49.891473966772857],[11.336122158596853,49.891432901077565],[11.336089801778082,49.891323345447425],[11.336086012725826,49.891309311997951],[11.336077808793565,49.89125310533322],[11.336080933184558,49.891194355321794],[11.336258023174382,49.890107163994472],[11.33625916089793,49.89002417891367],[11.336251231659206,49.890011927280312],[11.336107338108985,49.889893580872425],[11.336058953560594,49.889848009784458],[11.335874410916112,49.88964896218318],[11.335833716887759,49.889597523892135],[11.335817349211021,49.889570749890439],[11.335701708093136,49.889362283942944],[11.335689182784161,49.889337456561556],[11.335337065973954,49.888563920964948],[11.335227120100646,49.888406355374947],[11.334851286535359,49.888214013482425],[11.334141874338759,49.88806249694359],[11.333249233777464,49.887996599890656],[11.333219196897369,49.887993952931083],[11.333133924949381,49.887981622764876],[11.333051717399597,49.887962484758987],[11.332973870740187,49.887936840738661],[11.332901612682607,49.887905095135004],[11.332836082794397,49.887867748606183],[11.332778314526674,49.887825390141444],[11.332729218915521,49.887778687771259],[11.332689570214782,49.887728378031447],[11.332659993686345,49.88767525434686],[11.332640955740835,49.887620154518096],[11.332632756583761,49.887563947507878],[11.332635525483388,49.887507519737305],[11.332649218734311,49.887451761105858],[11.332673620349185,49.887397550957054],[11.332708345467276,49.887345744211373],[11.332736196322811,49.887313751322928],[11.333128661306697,49.886903104956062],[11.333710377809437,49.886274825377519],[11.333732110347762,49.886252828345427],[11.333739532737672,49.886245915684725],[11.334139849611848,49.885880436939075],[11.334755557972365,49.885107849340173],[11.334934499968284,49.88484190870939],[11.335004049881281,49.884662721315429],[11.334998653029961,49.884550645154178],[11.334899781369142,49.884353169717926],[11.334893581059301,49.884340111715936],[11.334885305707262,49.884319954969548],[11.334728783479054,49.883899590660754],[11.334724667185522,49.883887846142862],[11.334551213948039,49.883360240722595],[11.334450334711372,49.883054104354493],[11.334241664120206,49.882716951062527],[11.334044035253386,49.882398824285822],[11.333797917097566,49.882037638753239],[11.333464707602646,49.881538921014055],[11.333438626105677,49.881493227554003],[11.333344346796585,49.88129569714927],[11.333338245204502,49.88128291280028],[11.333334919155066,49.88127573185853],[11.333315883215361,49.881220632058529],[11.333307684615317,49.881164425034328],[11.333309732096241,49.881113234118203],[11.333310517832652,49.881107117932501],[11.333342780263434,49.880856019399189],[11.333343500133418,49.880850787482856],[11.333357190939438,49.880795028748679],[11.333382310569808,49.880739536028422],[11.333445513502507,49.880628301933207],[11.333499320284075,49.880487829134779],[11.333535538399898,49.880198316081618],[11.333514077560002,49.880045966561234],[11.333512209611932,49.880029266400449],[11.333499394828825,49.879874716106592],[11.333486903683029,49.879724052569422],[11.333486244844298,49.879714002103817],[11.333485934927687,49.879696004324501],[11.3334911824589,49.879314700855986],[11.333491612826046,49.879302390866116],[11.333530346582032,49.87861283517163],[11.3335315736129,49.878523666310805],[11.333534651218933,49.878485235997175],[11.333537712302006,49.878467940822638],[11.333553512405073,49.878391764875602],[11.333564141302153,49.878353301284164],[11.333585032853946,49.878305529363182],[11.333600178409471,49.878277016810316],[11.333603683187707,49.878270578394115],[11.333638401071706,49.878218771406459],[11.333682892987669,49.878170184789326],[11.333736457252371,49.878125584772278],[11.333770645208164,49.87810227293005],[11.333815291820539,49.878073929814427],[11.333842895695909,49.878057331586703],[11.333877524815286,49.878039982788437],[11.333866180877088,49.877839326773206],[11.333868884814635,49.877781689676844],[11.333874258302634,49.877754143141537],[11.333990807351405,49.877276138558855],[11.333999123171038,49.877247926284191],[11.334023518497879,49.877193715861928],[11.334058235192865,49.877141908757707],[11.334102725726277,49.877093321992028],[11.334156288436679,49.877048721796712],[11.334218078597834,49.877008811531866],[11.334287121741134,49.876974220593851],[11.334362329023724,49.876945494490563],[11.334442514399493,49.876923086238826],[11.334526413322674,49.876907349220765],[11.334612702688958,49.876898531611658],[11.334700021699547,49.876896772466104],[11.334786993319524,49.876902099525502],[11.334872245992214,49.876914428780786],[11.334954435266873,49.876933565796847],[11.33503226499951,49.876959208778921],[11.335104507791852,49.876990953331408],[11.335170024346795,49.877028298834844],[11.335227781434677,49.877070656340514],[11.335276868187744,49.877117357857372],[11.335284225720201,49.877125600004952],[11.335321365222356,49.877168241152027],[11.335386819440391,49.877214611656363],[11.335802343988846,49.877458885327449],[11.336588802573578,49.877715487504574],[11.337217815903026,49.877904026535205],[11.337725019356659,49.877989055199784],[11.338500308126157,49.878120789715631],[11.33851762373782,49.878123886911276],[11.338590569729879,49.87814048515451],[11.339249248837854,49.878317525455408],[11.340025633590704,49.878491874388672],[11.340850411183741,49.878602036240892],[11.341439542103894,49.878664157014654],[11.342828217732304,49.878810573130544],[11.343875314658728,49.878905462712716],[11.344439100024941,49.878928902874307],[11.344449373772074,49.878929379370092],[11.345224823465388,49.878969072825491],[11.345263501210635,49.878971757517128],[11.345801136166727,49.8790189332408],[11.345816431603122,49.879020387354096],[11.345862616988045,49.879026158048795],[11.346309831169084,49.879092243189447],[11.34634890485858,49.879098793381665],[11.346431102145653,49.879117922128259],[11.346485604628178,49.879135024845006],[11.346791399288916,49.879241855900631],[11.347137440778152,49.879307857474451],[11.347325498912353,49.879327638486551],[11.347503953867829,49.879328642607753],[11.347788487030819,49.879290560406268],[11.348368713390508,49.879156116282502],[11.348844102018237,49.879047259550234],[11.348924744018245,49.879032263482245],[11.348945957470614,49.879029423523541],[11.349438598117436,49.878968623387408],[11.349503674663183,49.878962634726747],[11.349560656037209,49.878960674947038],[11.350085322104057,49.878956553990996],[11.350115662534192,49.878956743220463],[11.350146694987217,49.878957823086623],[11.35095493529829,49.878997661934321],[11.351010879585999,49.879001897083654],[11.351036747840633,49.879004869845424],[11.351789591129533,49.879100894292989],[11.351848983251381,49.879110238339891],[11.351885370600671,49.87911777642627],[11.352778874963011,49.879320520975988],[11.352796622671828,49.879324723877779],[11.353220120304998,49.8794292514606],[11.353744092010219,49.879507393359305],[11.354148394653761,49.879542341226724],[11.354164566110997,49.879543864195526],[11.354677765034696,49.879596179143277],[11.354731417404983,49.879603065878541],[11.355156790407849,49.879668995339351],[11.355188607744333,49.879674444158937],[11.355270809302601,49.8796935665668],[11.355292292624574,49.879699855132714],[11.355697768306781,49.879823939166243],[11.355755722908073,49.879843891971909],[11.356257505283345,49.880037973538954],[11.356326580054441,49.880068479630928],[11.356392116857334,49.880105812809752],[11.356407546974198,49.880116105880695],[11.356634988590528,49.880272746561758],[11.356677337866344,49.88030479997655],[11.356726448437035,49.880351492023799],[11.356766115570764,49.880401793314746],[11.356781121492359,49.880426118576032],[11.356845194567677,49.880539475753324],[11.356859786821145,49.88056826774573],[11.356878849201975,49.880623363285473],[11.356882765351052,49.880650121238226],[11.357158663549589,49.880670435671405],[11.357188699227443,49.880673076644953],[11.357273963735505,49.880685389227253],[11.357350297479632,49.880702889459279],[11.357702259057396,49.880798835670475],[11.357759702822147,49.880816743444505],[11.358457054753719,49.881060268930881],[11.358480393980027,49.881068798743428],[11.358491345689991,49.8810730715904],[11.359372731920176,49.881424127034386],[11.359434045082594,49.881451583296361],[11.359446917104908,49.881458192863953],[11.360060815682239,49.881781135757116],[11.360113485457507,49.881811857247015],[11.360141449395988,49.881831014182609],[11.360492024166202,49.882085726979533],[11.360651987209861,49.882169872998183],[11.360937880836914,49.882227822117855],[11.361090462377094,49.882240274394519],[11.3613131162338,49.882201628041379],[11.361730219574847,49.882114332905381],[11.361792754129407,49.882103296237894],[11.361879047062429,49.882094458268753],[11.361913951433992,49.882092894694459],[11.362305608424164,49.882081734391299],[11.362358030722961,49.882081517973397],[11.36237239369007,49.882081904524526],[11.362846116367264,49.882097822288586],[11.362918736766442,49.882102741551293],[11.363004005125433,49.882115049855123],[11.363083026233562,49.882133281708384],[11.363804395272615,49.882332163121085],[11.364063172367484,49.882392779507839],[11.364634619027358,49.882440792410307],[11.365357159547328,49.882457037838101],[11.366079033390578,49.882436445596198],[11.366598884246121,49.882388451546262],[11.366973088706866,49.882254037009538],[11.367570782285718,49.882012825047362],[11.367947178456554,49.881763716848425],[11.368116422591948,49.881568789915619],[11.368359202392302,49.881214967988988],[11.368573605166322,49.880761824603823],[11.368926594683336,49.879952386533404],[11.368941596373494,49.879922125915911],[11.368976277113102,49.879870308908515],[11.369020734474761,49.879821709249825],[11.36907426732013,49.879777093375061],[11.369135186157115,49.879737647414188],[11.369424804289546,49.879572041515125],[11.369494247704633,49.879537188677816],[11.369569437190584,49.879508439993039],[11.369649609597417,49.879486007571408],[11.369733500583875,49.879470245176321],[11.369780411683738,49.879464546571562],[11.370671379244197,49.879376641472454],[11.370710754591235,49.879373495983195],[11.370798075808521,49.879371709590934],[11.370885054929172,49.879377009429447],[11.370970320278188,49.879389311918857],[11.371052527204975,49.879408423046193],[11.371130379287189,49.879434041424936],[11.371202648774139,49.879465763047563],[11.371268195947748,49.879503087656161],[11.371325987095556,49.879545426631502],[11.371375110812712,49.879592112274878],[11.371414792375639,49.879642408337276],[11.371444405960618,49.879695521629969],[11.371463484514894,49.879750614532973],[11.371471727124035,49.879806818203903],[11.371471749857532,49.879834802838673],[11.371435245816524,49.880605305858118],[11.371614187677872,49.88105399521141],[11.372023105199137,49.881577651586213],[11.372490337963821,49.881933210739973],[11.373608933595936,49.882649829964123],[11.373643618547247,49.882673830713607],[11.374496590851011,49.883309085758768],[11.37452069725504,49.883328061665338],[11.37456727732757,49.883371983418769],[11.375105240791964,49.883949888475804],[11.375615838098279,49.884498379974978],[11.375746618969885,49.884599949881832],[11.375817133751307,49.884610864679473],[11.376254589421597,49.884613218058895],[11.376270439058768,49.88461341998979],[11.376297978758137,49.884614326962918],[11.376591090948329,49.884627747087166],[11.376757018504062,49.88463534311505],[11.376816471913843,49.884639731664429],[11.376901747959415,49.88465202961644],[11.376987263706019,49.884672070691416],[11.37764839594676,49.884862022522441],[11.377660986893233,49.884865737625283],[11.378591380999936,49.885147515668272],[11.37954327536462,49.885388537270721],[11.379565517798509,49.885394457566953],[11.37959962747275,49.885404701177954],[11.380723865443734,49.885766506449315],[11.381672475967775,49.885961777721064],[11.381875389547702,49.886003545616035],[11.381883246242188,49.886005196095638],[11.382719339990263,49.886184386241112],[11.38375530326301,49.886295726283905],[11.383834983404853,49.886307432331989],[11.383852825635165,49.886310944602947],[11.384683183418014,49.886482289654644],[11.384735207370795,49.886494518359811],[11.38544386459378,49.88668203729155],[11.385450557365102,49.886683808613803],[11.385462868697758,49.886687156475254],[11.385540739953525,49.886712764850145],[11.385592709786078,49.886734680137181],[11.386077896458263,49.886959831545724],[11.38609821651419,49.886969628461337],[11.386163785292105,49.88700694427169],[11.386221598447856,49.887049275434514],[11.386270744229533,49.88709595437426],[11.386278925673745,49.887105128317266],[11.38650528974776,49.887366005599247],[11.386536812008281,49.887407122161001],[11.386566447148738,49.887460231199917],[11.386581743318784,49.887501291022382],[11.38667694331245,49.887822478590202],[11.386857654624636,49.888086489420182],[11.387321779863832,49.888568636242475],[11.387906001355503,49.888921629754819],[11.388842328832485,49.88926241087605],[11.38962765391959,49.889397765212571],[11.390443439771813,49.889511330144849],[11.390490720015052,49.889519038728643],[11.390514379916128,49.889523767876661],[11.391230215911085,49.88967591615625],[11.39128878794682,49.889690283510475],[11.391318073943383,49.889698985219269],[11.391975801870894,49.889906468340158],[11.392024395413326,49.889923370676108],[11.392084320831543,49.88994902620194],[11.392712181999672,49.890249092249718],[11.392724555429426,49.890255144747151],[11.392790133747127,49.890292456643564],[11.392808918970163,49.890305061407567],[11.393264305285401,49.890622769247805],[11.393303343484678,49.890652492008023],[11.39334678915748,49.890693048487712],[11.393888717144275,49.891263445025764],[11.394221733402464,49.891525901545705],[11.394657029793562,49.891717794530329],[11.395200305919371,49.891823245104504],[11.395377809820696,49.891842791282187],[11.396124155726685,49.891924975684248],[11.396998002122645,49.89186505889905],[11.398119999155508,49.891710085345622],[11.398510744322317,49.891534915720925],[11.398989565899351,49.891320267715102],[11.399067372631626,49.891290337927593],[11.3991146929802,49.891276155670916],[11.400526267441492,49.890893940702917],[11.400559123932759,49.890885669690675],[11.400587619739907,49.890879474693577],[11.401393533447965,49.890716699828985],[11.401437799321471,49.890708785054777],[11.401782994096591,49.890654919684124],[11.401794131812407,49.890653244152233],[11.40188043159541,49.89064437628798],[11.401967771196707,49.89064256611907],[11.402054773256719,49.890647842191704],[11.402125862815598,49.890657567062064],[11.402801159489867,49.890774043980606],[11.403476096469266,49.890870173264261],[11.404550022340572,49.890916525153628],[11.404934443896499,49.890918497966169],[11.405429284607685,49.890921035562208],[11.405445133498338,49.890921233454968],[11.405498493288368,49.890923621340576],[11.405944876284583,49.89095477113279],[11.406434884776603,49.890986080841607],[11.407448605247048,49.891048255642332],[11.408063613229242,49.891064217004612],[11.408868699422365,49.89099039199192],[11.409377067134825,49.890911030605309],[11.409388203605612,49.89090935450519],[11.409474502249907,49.890900481000457],[11.409545992960016,49.89089846777609],[11.409567823219051,49.89089857890032],[11.409736905325433,49.890803714733522],[11.409951575914674,49.890594697937267],[11.410007091624843,49.890548128431426],[11.410041254564854,49.890524792010034],[11.410604013357572,49.890166896227186],[11.410631592936918,49.89015028259638],[11.410700598184473,49.89011564675873],[11.410730566810626,49.890103180372869],[11.411416315875513,49.889833713875952],[11.412438663443844,49.88925849451492],[11.41279176123394,49.889059366023389],[11.413359673631257,49.888739087940692],[11.413528276797349,49.88863651463874],[11.413613240952179,49.888584824303258],[11.413740710096533,49.888289308246698],[11.413752616703936,49.888264499680716],[11.41398476285028,49.88782600084388],[11.413988260271966,49.887819554874916],[11.413992117990555,49.887812785459154],[11.414272754350703,49.887332253957673],[11.414303533376343,49.887287193536039],[11.414347951069667,49.887238577141439],[11.41440144927499,49.887193940897561],[11.414414530059146,49.887184605722226],[11.414699670875665,49.886986753796045],[11.414997349575412,49.886780213697392],[11.415492104750712,49.886443016273773],[11.415536478813337,49.886415341266293],[11.415605475196474,49.886380702623022],[11.415645342357815,49.886364413624854],[11.416257243808804,49.886131371226604],[11.416294161539467,49.886118267218635],[11.416374321956944,49.886095802660435],[11.416460828944345,49.886079633327142],[11.417319863265439,49.88595955574916],[11.417400909359714,49.885951422907674],[11.417488239481834,49.885949601179419],[11.417559840022884,49.885953412875914],[11.418797383121742,49.886061082570578],[11.418812777515056,49.886062535236846],[11.418898065679764,49.886074802079889],[11.418917952151565,49.886078731847995],[11.418984997343134,49.886092691885089],[11.419766143688779,49.886255337417971],[11.420346041414163,49.886328443484643],[11.420880152468415,49.886339962217257],[11.421473347122047,49.886251830197693],[11.421752530186691,49.886179657709903],[11.422193426968445,49.886065676479348],[11.422215610355856,49.886060223267691],[11.422251564096095,49.886052543550392],[11.423213453732307,49.885865679357643],[11.423261383447221,49.885857558339012],[11.42332338680689,49.885850451211283],[11.424537110614837,49.885747671512469],[11.425409511331015,49.885599405594945],[11.425951217825476,49.885281953199218],[11.425958023283727,49.885278017297061],[11.426027010374375,49.885243372582764],[11.426102173659819,49.885214587626812],[11.426182327787767,49.885192116374192],[11.426214215896071,49.885185233905325],[11.426684165302769,49.885091894644503],[11.426878807386837,49.88505323527756],[11.426930798773242,49.885044314506672],[11.427002224591618,49.885036449362751],[11.427421354362114,49.885004697791231],[11.427861823543536,49.884971328926298],[11.428241342512978,49.884851050075298],[11.428527965416082,49.884729616856482],[11.428858328271325,49.88453621948922],[11.429139433358005,49.884252839303933],[11.429149354957763,49.884243116871374],[11.429155806563696,49.88423707628872],[11.429826083470434,49.883620323102058],[11.429873111796223,49.883581720590279],[11.429892013189553,49.883568389397354],[11.430337740085051,49.883266436219927],[11.430404549449287,49.883149322584913],[11.430395781215623,49.882185222349371],[11.430397741824006,49.882148751835821],[11.430496141008522,49.881306202800239],[11.430586892617352,49.880529094533756],[11.430587940678109,49.88052107680037],[11.430601518732928,49.880465308319287],[11.430609791523443,49.880443793736248],[11.430825098471681,49.879937535613713],[11.430841113055859,49.879904821097121],[11.430875726714756,49.879852986593278],[11.430887376167203,49.879838807221894],[11.430899533206047,49.879824627295534],[11.431539998447585,49.879077562454931],[11.432413230721989,49.878032131645504],[11.432599372694733,49.877708976625478],[11.432878270911447,49.877053082998636],[11.432894283705958,49.877020367048956],[11.432928893182996,49.876968531974043],[11.432948723671714,49.876945069393059],[11.433643061575534,49.876178634444216],[11.433691000999719,49.876125716890577],[11.433715557193411,49.876100558458873],[11.43374840268919,49.876071786477816],[11.434556707142741,49.87541968400663],[11.434728622077031,49.875280987821874],[11.435392410171092,49.874714216848538],[11.435424774361392,49.874688598271774],[11.435486475965615,49.874648635344052],[11.435555441110493,49.874613985238987],[11.435631172769311,49.874584999854932],[11.43597736651995,49.874471228852798],[11.436552873051962,49.87420021192402],[11.436570899260797,49.874192002470515],[11.436630392875101,49.874168540471764],[11.437971182660318,49.873697649226131],[11.439082733663433,49.87328121364569],[11.439092777634164,49.873277522343137],[11.440154998159215,49.872894643496657],[11.440177310493475,49.87288694119205],[11.440257437474729,49.872864460577865],[11.440278785358332,49.872859726954893],[11.441396457624913,49.872624918209986],[11.441461155706122,49.872613524658753],[11.442106837748518,49.872522551920873],[11.442645047875519,49.87208009273423],[11.442656181894797,49.872071175698323],[11.442910497151686,49.871872727211766],[11.443550436550979,49.871373355303312],[11.443563824304665,49.87136321786727],[11.443569699626051,49.871358955149994],[11.444492089880612,49.870698216404911],[11.444547903683489,49.870662511584058],[11.444616856548175,49.870627856253101],[11.444691985895204,49.870599059697284],[11.444728701933007,49.87058779405195],[11.445451893473725,49.870382404923056],[11.44660010669781,49.870056295000829],[11.446643510938282,49.870045076249127],[11.446727358507546,49.870029258738917],[11.446758329316417,49.870025233489606],[11.447531193860309,49.869936534233204],[11.447586476480605,49.869931658462093],[11.447626808465142,49.86992992398045],[11.449498321320533,49.869884674807899],[11.45026044509277,49.869802728316657],[11.451157683207645,49.869706245487677],[11.45137960050627,49.869682381557205],[11.453054596417143,49.869335641076795],[11.453243213594201,49.869296593831272],[11.454524877795714,49.869008834793419],[11.454600473065875,49.868994901151375],[11.454649178808317,49.868988989522713],[11.456859908847312,49.868773024598816],[11.456897452894895,49.868770029050594],[11.456986479164662,49.868768214437388],[11.45801705835547,49.868791540087493],[11.458029323661874,49.868791887751136],[11.459899535718488,49.8688555780003],[11.460332446444939,49.868857593173502],[11.460558781754708,49.868858646107192],[11.460631890773319,49.86885898612303],[11.461824901420153,49.868546963261466],[11.462844350708773,49.868285313679785],[11.464008552479665,49.867862437651652],[11.465216400875319,49.867421722158589],[11.465926102846003,49.867154284301442],[11.466508025344504,49.866817208902411],[11.466578677945142,49.866781550328646],[11.466653787789516,49.866752739814281],[11.466716766088444,49.866734410853311],[11.467003416293439,49.86666182113359],[11.46702054187184,49.86665765146055],[11.467104376397678,49.866641819392946],[11.467190619691188,49.866632903718731],[11.467277911680124,49.866631045038964],[11.467364875755624,49.866636272664771],[11.467438885488582,49.866646468619813],[11.467502378912013,49.866657580812927],[11.467963069352795,49.866738208336216],[11.468772654094449,49.866850351327599],[11.4687849143018,49.866852124564936],[11.469594077769191,49.866974124303489],[11.470427275017196,49.866977931716178],[11.471289650172897,49.866929641013392],[11.472013270517948,49.866861053202541],[11.472047637720593,49.866858358498611],[11.472119079079144,49.866856307219351],[11.472212293489646,49.86685673144332],[11.472662172866881,49.86685877781575],[11.472678023582759,49.86685896667835],[11.472764988506302,49.866864190235361],[11.472790264139878,49.866867061019171],[11.472823612482104,49.866871260057827],[11.473703734619479,49.866982068844095],[11.473737931897391,49.866986954887466],[11.475371612719874,49.867248410715554],[11.475397415493472,49.867252881631785],[11.475482547678228,49.867272738193314],[11.476321746244935,49.867512298047934],[11.476340377896616,49.867517616693718],[11.476412454316161,49.867541525817316],[11.47648477244989,49.867573181026927],[11.476550382308258,49.867610445121329],[11.476608249190368,49.867652730435417],[11.476657460497155,49.867699370116753],[11.476697240123817,49.867749628641377],[11.476726960700283,49.867802713412509],[11.476731649546611,49.867813586613629],[11.476752892768372,49.867865352784044],[11.47913951117614,49.869011680532353],[11.479150039332973,49.869016838154515],[11.479215653192675,49.86905410066813],[11.479228087667199,49.869062318174841],[11.480846751298728,49.870159721928793],[11.480892189943525,49.870193787656788],[11.480929887333618,49.870228323297589],[11.481235789365636,49.870538566210051],[11.481247310180903,49.870550668273459],[11.481287096979854,49.870600925087672],[11.481316824424058,49.870654008550751],[11.481336023665207,49.870709081512956],[11.481344391885678,49.870765275446693],[11.481341797076405,49.870821704142912],[11.481328280120854,49.870877477687245],[11.481311661945767,49.870917211646351],[11.481279870136104,49.870981401283011],[11.481167997381531,49.871207276013934],[11.481160390028052,49.871221779792329],[11.481152055916249,49.87123605360059],[11.480999913277088,49.871483814959312],[11.480993748396086,49.872059321083],[11.481151731097681,49.872403338203242],[11.481532034720917,49.873103220721617],[11.481543377373253,49.873126019760932],[11.481556880143119,49.873161025179499],[11.481801724499661,49.873925222231335],[11.481804871195695,49.873935664166652],[11.482072052683726,49.874881782825092],[11.483864442818879,49.876362222505939],[11.483914199084982,49.87640929672601],[11.48395399367207,49.876459552458499],[11.483983727861419,49.876512635085568],[11.484002932698331,49.876567707470684],[11.484009247981897,49.876601187858931],[11.484072065238442,49.877084611693526],[11.484074122591828,49.877107324926136],[11.484071530902254,49.877163753582309],[11.48405801560167,49.877219527367743],[11.484033789797806,49.877273766693307],[11.483999235513272,49.877325616166438],[11.483976020279627,49.877352815315099],[11.48371141138262,49.877638984044303],[11.483657586416635,49.877979348663182],[11.483653266753212,49.878384582385905],[11.483894195695294,49.878653479389044],[11.483922035357478,49.878687898691282],[11.48417328569799,49.879034193026683],[11.484625393798462,49.879657313967606],[11.484633488698051,49.879668893660529],[11.484638514785207,49.879676556247979],[11.48517338021421,49.880513453767541],[11.485195189556578,49.880552628254442],[11.485344561645027,49.880865754283931],[11.485490575097018,49.88096140961219],[11.485821467251167,49.881043268754993],[11.486461796999622,49.88110528045631],[11.486544084988601,49.881116753975583],[11.487292977930426,49.88125230505932],[11.487377861163484,49.881271816113326],[11.487455775102974,49.881297355307645],[11.487528121145777,49.881329003117493],[11.487593758366611,49.881366260449177],[11.487651651633067,49.881408539744235],[11.487677399017535,49.881431352562053],[11.487980243345605,49.881718184020528],[11.488003732549894,49.881742005636809],[11.488043535937035,49.881792259786423],[11.488073278079296,49.881845341196971],[11.488088657878945,49.881886385555006],[11.48820432937382,49.882273837790841],[11.488252783268631,49.882436136675764],[11.488256615361255,49.882450163790423],[11.488264994146848,49.882506356961478],[11.488263505015878,49.882554251123075],[11.488226039397594,49.882883502273685],[11.488224941666934,49.882892036740991],[11.488223116322345,49.882903231935757],[11.488155482544906,49.883273486369369],[11.488152834083735,49.883524081636978],[11.488188784493586,49.883695011294222],[11.488380864150177,49.883876924907028],[11.488756326444589,49.884169920037422],[11.489683396746491,49.884893344917849],[11.489696483972603,49.884903875203577],[11.489745725899267,49.88495050872281],[11.489785533843651,49.885000762178471],[11.48978885742372,49.885005783082363],[11.490161075202591,49.885577664028332],[11.490371113157298,49.885770414631104],[11.490755274112026,49.885921646187676],[11.490818687390341,49.885949830754292],[11.490884333492616,49.885987086055934],[11.490933332056112,49.886022130238167],[11.491377843326081,49.88637574127371],[11.491405250613109,49.886397544404304],[11.491414146867262,49.886404772024484],[11.491442679168285,49.88643023702938],[11.491947434444965,49.886915591479386],[11.491968147720103,49.886936759103882],[11.492007959662368,49.886987011718077],[11.492037709533216,49.887040091948499],[11.492056928130669,49.887095162696482],[11.492065312331723,49.887151355469257],[11.49206568143283,49.88716935616273],[11.492060383424274,49.887674437125341],[11.492054929025208,49.88819441082854],[11.492261366747195,49.888603759189571],[11.492267608162271,49.888616804654163],[11.492275951003631,49.888636952844301],[11.492375157272207,49.888900920224252],[11.492386034120116,49.888935842703461],[11.492394419101128,49.888992035425062],[11.492391837009643,49.889048464018494],[11.492378328528561,49.889104238570816],[11.492354106658095,49.889158479481054],[11.492319553358708,49.889210331331554],[11.492275213529663,49.88925897637921],[11.492268375007054,49.889265383393365],[11.492251950646548,49.889280489876789],[11.491959483359885,49.889549510360403],[11.491912878543118,49.889587788752877],[11.491878755664779,49.889611149339537],[11.491468101502292,49.88987288220099],[11.49144055164451,49.889889513961208],[11.491371606402126,49.889924196952357],[11.491296476353105,49.889953023720089],[11.491222727211008,49.889974024057459],[11.490530763424948,49.89014086042026],[11.490115547194193,49.890263830553785],[11.489096506363447,49.890775305043327],[11.488416084479443,49.891250208057578],[11.488366542010992,49.891281504767754],[11.488328876738994,49.891301559138427],[11.487713774338339,49.891606298943564],[11.487682489754938,49.89162092563285],[11.487607354812381,49.891649750077349],[11.487530202890088,49.891671560886515],[11.486983443824553,49.891801269663709],[11.486898081616015,49.891817467940406],[11.486862702631441,49.891822000774688],[11.485924152177148,49.891925991470636],[11.485400069686994,49.891998795050178],[11.485011317045961,49.892113903163498],[11.484706506393525,49.892248237313645],[11.48435807859512,49.892538432538132],[11.483884131352054,49.893063978560797],[11.483377666387973,49.893728443389591],[11.483373950697594,49.89373324560421],[11.483351767971611,49.893759316134691],[11.483016687299932,49.894123989354689],[11.482716846868088,49.894450305354113],[11.482702943825545,49.89446480218723],[11.48251436941014,49.894653344993991],[11.482461639066393,49.894911363154939],[11.482466989216238,49.894977960266871],[11.482476557507873,49.895097063307489],[11.482829642925939,49.895285015357537],[11.483494980047107,49.895575849356653],[11.483530543771462,49.895592474866241],[11.483598317278863,49.89563111034122],[11.484099454959464,49.895959313551415],[11.484113210650895,49.895968583789916],[11.484765516143167,49.896420939411499],[11.484805430416131,49.896451197234661],[11.484854679878699,49.896497832636747],[11.484894492752602,49.896548087611642],[11.484918001735792,49.896588126037514],[11.485149910708989,49.897048051670836],[11.485182997632934,49.897113671675747],[11.485189234994001,49.897126710894824],[11.485208450254682,49.897181782750934],[11.48521421747718,49.897211234458439],[11.485322213265347,49.897960806766804],[11.48532482458476,49.897987548329077],[11.48532223412488,49.898043976822564],[11.485308715306193,49.898099750639901],[11.485284481291906,49.898153990191474],[11.485281659272815,49.898158988308339],[11.485124121290783,49.898432957015032],[11.485092375927007,49.898479808747958],[11.485048020539153,49.898528451207738],[11.484994576669331,49.898573119149816],[11.484932887148815,49.898613108122511],[11.484863924857208,49.898647787463624],[11.484788777379487,49.898676610247186],[11.484746288880173,49.898689506356156],[11.484133698552261,49.89885938976775],[11.483644198877663,49.899004299340405],[11.483388730853562,49.899141987026063],[11.483279827445633,49.899441917978251],[11.483412955844077,49.899811424000724],[11.483567490461537,49.899890170483602],[11.483627692427566,49.899924676677472],[11.483685604753225,49.899966957317432],[11.483696066707147,49.899975864144416],[11.484040772913298,49.900277034392488],[11.484079563154749,49.900314763012574],[11.484119378061935,49.900365017927712],[11.484149127624937,49.900418099804632],[11.484168342646672,49.900473171518811],[11.484175080247534,49.900510024655091],[11.484210543249539,49.900809820691379],[11.484212183091328,49.900829160596601],[11.484209590781539,49.900885588771864],[11.484196069486355,49.90094136217963],[11.48417183240811,49.900995601236765],[11.484149284544374,49.901031358586806],[11.483839031259112,49.90146860827776],[11.483891524695826,49.901515828517233],[11.484477841585486,49.901899781701815],[11.485313211745098,49.902412634839813],[11.485324985413763,49.902420035635387],[11.485382902260065,49.902462315339946],[11.485432158180073,49.902508950106693],[11.485471976365417,49.902559204489044],[11.485501728837969,49.902612285955662],[11.485520946354693,49.902667357388459],[11.485523956291349,49.902680787568251],[11.485675128868699,49.903435474477966],[11.485680154644362,49.903472608888947],[11.485723723312212,49.904087673432251],[11.485951118819171,49.904786320319026],[11.486645321860056,49.905698611419261],[11.486658944839689,49.905717620133579],[11.486688700673819,49.905770701217897],[11.48670792092158,49.905825772385363],[11.486716264857089,49.905881251572175],[11.486760624763921,49.906704367283858],[11.486760895456657,49.906710901051731],[11.486798986401876,49.907974924184813],[11.48699511198301,49.908631577959717],[11.48799128407377,49.909142189363777],[11.488661251558904,49.909446118891495],[11.488686768579148,49.909458264096699],[11.488752445342893,49.909495519798099],[11.488810373824796,49.90953779756142],[11.488859640454345,49.909584430653368],[11.48889946825431,49.909634683653778],[11.488916921668768,49.909663227034201],[11.489125217215054,49.910041152280186],[11.489137524849193,49.910065689272322],[11.489156749757322,49.910120759925377],[11.489165135036158,49.910176952404719],[11.489162548407531,49.910233380524353],[11.489149030625944,49.910289154379008],[11.48912479483829,49.910343394378394],[11.489090223224601,49.910395245119453],[11.489055415895262,49.910434524189967],[11.488899828170288,49.910591233972781],[11.488411690817045,49.911082882749305],[11.488402136025138,49.9110922470026],[11.488348681434923,49.911136916343395],[11.488284478087724,49.911178322223904],[11.486947211478384,49.911927857374046],[11.486882295031661,49.911960119459401],[11.486083529961512,49.912309558818563],[11.484576009105423,49.913285830230862],[11.483938953111513,49.913869583086544],[11.483428558993596,49.914331148898214],[11.48338501111591,49.914366609298973],[11.483323300187795,49.914406597448163],[11.48325431427144,49.91444127593995],[11.483216053391725,49.914456975737764],[11.482776546911991,49.914624604292506],[11.482683109705441,49.91466024108167],[11.482646197090402,49.914673363133275],[11.482566022057304,49.91469587357507],[11.482482110013668,49.91471171786084],[11.482471775926268,49.91471316848061],[11.480904490588715,49.914925123375347],[11.478711386553254,49.915342547642759],[11.477983400860124,49.915591457424412],[11.477604149868975,49.915721126151574],[11.477325773138556,49.916136527648725],[11.47721990952855,49.916407944586709],[11.477039292273925,49.916871011104362],[11.477029497574256,49.916893613706797],[11.476656109535742,49.917675933321519],[11.476646218623689,49.917695113027278],[11.47661162851821,49.917746960279047],[11.476567247057575,49.917795599506739],[11.476513774144678,49.917840263630318],[11.476452053068789,49.917880248258129],[11.476383057207146,49.917914922796498],[11.476307874674164,49.917943740395202],[11.476231756137777,49.917965287474182],[11.476047920460612,49.918009075870174],[11.475961967902984,49.918025395097189],[11.475936480520962,49.91802878037835],[11.475139848581511,49.918124605221664],[11.475112261594855,49.918127554678094],[11.475068924880381,49.918131612475285],[11.474653236092204,49.918333894732562],[11.4740064778505,49.918768540839523],[11.473738784478629,49.919191996044681],[11.473523763880991,49.920095355430057],[11.473794476101943,49.920491178041836],[11.473887714338995,49.920577743846195],[11.474189303735074,49.920857749347],[11.474931360675562,49.921173968064096],[11.474973662607873,49.921193496592274],[11.474986575810403,49.921200100744528],[11.476052641919432,49.921758681419504],[11.476105412749034,49.921789340077893],[11.476163345523569,49.921831624022943],[11.476212613108862,49.92187826239541],[11.476252438512603,49.921928519691988],[11.476259104524662,49.921938764546177],[11.476333513303166,49.922057200131682],[11.476765016022883,49.92274400118464],[11.476788106524475,49.922786840695167],[11.47680732302301,49.922841913428016],[11.476815696721276,49.922898106879217],[11.476816060659599,49.922916114251784],[11.476803180964364,49.924106642144267],[11.47680021577955,49.924145062733714],[11.476786313092802,49.92420189239094],[11.476387689892999,49.925336363513438],[11.476380761373896,49.92535435348745],[11.476215664357079,49.925748163177452],[11.476199070087587,49.925782296567625],[11.476180142996567,49.925812842589124],[11.475311341735157,49.927078543977274],[11.474747800210176,49.927944757482933],[11.474482140336455,49.93036839226464],[11.474480892839258,49.930378235699919],[11.474467353259286,49.930434008019752],[11.474463490936008,49.930444636079713],[11.474214272424348,49.931094799860098],[11.474138470075243,49.931292549745713],[11.47393373775782,49.931826637715204],[11.473913337589453,49.93187024625022],[11.473901399455835,49.931890245233184],[11.473167920594921,49.93303671435747],[11.472386595561717,49.934514910436725],[11.472383108069375,49.934521348041891],[11.47234833422257,49.934573407186683],[11.471826172239478,49.935235757434633],[11.471782105931894,49.935283968940993],[11.471728609744227,49.935328631106763],[11.471666862797409,49.935368613488677],[11.471597838876697,49.935403285528416],[11.471551706891086,49.935421929398501],[11.470745129877388,49.935720234256443],[11.470571826520619,49.935784328415231],[11.470542742656791,49.935794500331703],[11.470462526986505,49.935817002963724],[11.470378574222059,49.935832839071097],[11.470292208380414,49.935841758901844],[11.470280989399313,49.935842395963256],[11.469543260491497,49.935880407941866],[11.469380315146427,49.935888802956207],[11.468562707285919,49.936068172803758],[11.467406607164151,49.936575001601568],[11.465696653257734,49.937417816605368],[11.465666303552998,49.937431958257648],[11.465591084422753,49.937460769391244],[11.465510863582768,49.93748326867005],[11.465498048232504,49.937486169886171],[11.463519869324292,49.937920049381084],[11.463448726072542,49.937932979555924],[11.463419220268724,49.937936835816984],[11.46070462371121,49.938252332820475],[11.45932262500647,49.938507699597352],[11.458690137972253,49.938687859860046],[11.458095907874707,49.938857118166339],[11.457644773550179,49.938985615285077],[11.457600419902814,49.938997092099186],[11.457593060541857,49.938998779672893],[11.45578665589527,49.93940564172761],[11.455710051237046,49.939419779913379],[11.455660788655301,49.939425740320218],[11.454028762455998,49.93958420081232],[11.453991649464593,49.939587148925092],[11.453920069169843,49.939589190538442],[11.453295522639795,49.939586249752608],[11.452970859967428,49.939649050641172],[11.452615386579868,49.939837410351288],[11.452140237299956,49.94021503361521],[11.452122629183799,49.940228480571143],[11.452060859514125,49.940268452827731],[11.451997970278605,49.940300374289997],[11.450959959641924,49.940767548329148],[11.450921414686162,49.940783525642146],[11.450903083229715,49.940790582275362],[11.450444770384319,49.940967022372881],[11.449827738185094,49.941624829106864],[11.448854064520317,49.942688921684713],[11.448719420008178,49.942871598438764],[11.448547074596945,49.943105424566376],[11.448544346027722,49.943344538157426],[11.448730965710963,49.943669232319394],[11.449135776174133,49.943894617589841],[11.449172656316202,49.943916699478272],[11.44921580071933,49.943947142831519],[11.449455816430325,49.944132947715644],[11.45001013962484,49.944390302142693],[11.450429398095196,49.94455292627454],[11.450496752883478,49.944582650237862],[11.450562449706062,49.944619927088823],[11.450620388682282,49.944662223569864],[11.450669656076021,49.944708872652569],[11.450709474897952,49.944759138664665],[11.450739217159752,49.94481222889133],[11.450758413779329,49.944867306076283],[11.450766761980345,49.944923501625219],[11.450764130069304,49.944979929303685],[11.450750559514772,49.945035699213271],[11.450726264295819,49.945089931826018],[11.450691627529729,49.945141771855276],[11.450647195432129,49.945190401744199],[11.450593668704379,49.945235054560044],[11.450531891484523,49.945275026089469],[11.450462838035243,49.945309685945332],[11.450387597379221,49.945338487509041],[11.450307356124114,49.945360976551584],[11.450285949832939,49.945365718222675],[11.449701203234522,49.945488427807589],[11.449264743994547,49.945601987612427],[11.44863360067613,49.945817442778228],[11.447997948570876,49.946221632456023],[11.44736461841114,49.946816279851369],[11.447340214623686,49.946837796638199],[11.446669995914498,49.947393364563389],[11.446643427278454,49.947414078787361],[11.446581643989894,49.947454048291874],[11.446529371000995,49.947481088223356],[11.44542662240732,49.947997332645777],[11.44540983561072,49.948004950142632],[11.445337615855346,49.948032743776409],[11.444532862505771,49.948301363705184],[11.444386448289713,49.948350229850554],[11.44294560982379,49.948824240882104],[11.441453815833444,49.949614330523424],[11.440191874585599,49.950380048341259],[11.440175958146344,49.95038941097576],[11.440159888935302,49.950398297260982],[11.439230406168912,49.950896694411931],[11.43917740604399,49.950922461603028],[11.439102149767225,49.950951256055625],[11.439034820612999,49.950970629788848],[11.437364042760144,49.951384480189034],[11.435943400775056,49.951736348462838],[11.434830166452366,49.952027847071257],[11.433998854417924,49.952390672520124],[11.433847217686196,49.952476707850956],[11.43329009341403,49.952792805284844],[11.432874905924974,49.953204474219575],[11.432867610465033,49.953211560202739],[11.432814058372474,49.953256205142836],[11.432752256068186,49.953296167531668],[11.432683178210468,49.953330817126201],[11.432607914206942,49.953359607469665],[11.432557886579128,49.953374519349104],[11.431736041573663,49.953594476611144],[11.431554841486729,49.953657422212757],[11.431002498955571,49.953849294190462],[11.43098918139966,49.953853801448737],[11.430908916619204,49.953876277390954],[11.430824918673661,49.95389208548989],[11.430738512292571,49.953900976435371],[11.430666903380324,49.953903003998597],[11.430583816006061,49.953902596338935],[11.429990575262734,49.953899683934715],[11.429269157435002,49.95389613818066],[11.429253314241114,49.953895943998376],[11.42922570652871,49.953895048985551],[11.42778355911309,49.953829760570706],[11.427724048527807,49.953825401067874],[11.427639348407556,49.95381327515684],[11.426514199406276,49.95360400604465],[11.426502238458491,49.953601701867449],[11.425602548318174,49.953422695914774],[11.425531799933859,49.953405864169511],[11.425491505936161,49.953393645078236],[11.424891542452485,49.953196366065157],[11.424953564363559,49.953426489062998],[11.425168949378712,49.954120162578185],[11.42517383760376,49.954137704079116],[11.425182158076755,49.954193901820297],[11.425182503322224,49.9542119176906],[11.425172340460756,49.955065952917174],[11.425252027084042,49.955745939767212],[11.425253644328254,49.95576526641652],[11.42525098243553,49.955821693885589],[11.425238923612632,49.955872871177675],[11.424969098232632,49.956695705351436],[11.424943996473765,49.956752228010771],[11.424909323826167,49.956804060794347],[11.424870246819331,49.95684747420686],[11.424660666116822,49.95705296019711],[11.425245074640753,49.95765737658661],[11.42602010423408,49.958299806378029],[11.426069498503626,49.958346578677656],[11.426076932938152,49.958354870230735],[11.42670760259063,49.959075852537502],[11.42673393390961,49.959109110218954],[11.427432567439931,49.960090076104272],[11.427438608249886,49.960098801205227],[11.427456051462496,49.960127365681714],[11.427996027752451,49.961108599916486],[11.428422732422035,49.961636657312866],[11.428444050361479,49.961665494430513],[11.428473779417322,49.961718590443837],[11.428484981869028,49.961746719295256],[11.42869101378515,49.962343408002504],[11.428698990314508,49.962370360142863],[11.428707186060651,49.962424160173015],[11.428746653336811,49.963097595685589],[11.428744060725002,49.96315522176269],[11.428739309574961,49.963180350173587],[11.428593192298376,49.963805997899044],[11.428542889935208,49.964202900991438],[11.428542182081275,49.964208112567214],[11.428540941593569,49.964215933828932],[11.428502811121945,49.964437215666635],[11.428490450584199,49.964485162017141],[11.428466121175466,49.964539390333009],[11.428431447050492,49.964591224133997],[11.428416775476595,49.96460886228823],[11.428056740037128,49.965019478569403],[11.428035214627629,49.965042404752936],[11.42754818863256,49.965527842685134],[11.426920311604389,49.96628889046525],[11.426721315200716,49.966530087867341],[11.426682895603349,49.966571199316668],[11.426636033537916,49.966610848565317],[11.426448500665725,49.96675248028167],[11.425751965133145,49.967278519265712],[11.425745254907584,49.967283512126023],[11.425696215742395,49.967316001271385],[11.424283265715543,49.968162164994048],[11.423273136554695,49.969045183748094],[11.423078334992683,49.969215467386071],[11.422875033066138,49.969446083217704],[11.422132559661961,49.970288288754915],[11.422073987546472,49.970559728346437],[11.422046831170775,49.970950954768512],[11.422045205888811,49.97096751870864],[11.421992907776891,49.971379647049517],[11.421992199507493,49.971384855666358],[11.421978589241908,49.971440622598251],[11.421954249235499,49.971494849653951],[11.4219193921744,49.971546898481925],[11.421774945409581,49.971729681204067],[11.421730802527737,49.971777866932406],[11.421677219951949,49.971822507071032],[11.421615384978415,49.97186246391162],[11.421546272780672,49.971897107298759],[11.42147097330799,49.971925890873408],[11.421390674095626,49.971948360690426],[11.421306641535642,49.971964162377944],[11.421247163644956,49.971971043864905],[11.421223724010432,49.971973083982874],[11.420749344031774,49.972014379246581],[11.420722364268364,49.972016383470852],[11.42063487871012,49.972018209991191],[11.420547728145529,49.97201295024491],[11.420462287028883,49.972000687182941],[11.420379902852659,49.971981614205802],[11.420301874894644,49.971956032113106],[11.420265008738678,49.971940977687275],[11.420023801461166,49.971835516304431],[11.419584189420505,49.971697795555428],[11.419067008167028,49.971549681101571],[11.418646137762797,49.971443853375206],[11.417666469366822,49.97132388506953],[11.416825834119184,49.971216937391759],[11.416434133789757,49.971194744078929],[11.415692642611161,49.971381724216329],[11.414803400209777,49.971730597229595],[11.413664351383119,49.972403414342139],[11.412999976264789,49.972825236295002],[11.412333526758109,49.973563904754677],[11.412184900498129,49.973998925810143],[11.412161574123036,49.974051477096907],[11.411978812919342,49.974385049822324],[11.412127405508452,49.974834178106619],[11.412586181468411,49.975745576776603],[11.413477657184856,49.976791356100861],[11.414170008264797,49.97759257707007],[11.414200604523334,49.977632518467765],[11.414230328493398,49.977685618088294],[11.414243216028172,49.977718779006352],[11.414467052678539,49.978404297918644],[11.414886233605539,49.97952265513576],[11.414897069391222,49.979557564211341],[11.414903046443751,49.979588743827676],[11.415029309844467,49.980511134908852],[11.415056836050885,49.980712221321873],[11.415059172986288,49.980737239137895],[11.415056498816385,49.980793666353463],[11.415054985014558,49.980803031688751],[11.414906531415658,49.981636673676398],[11.414901159989427,49.982079703020737],[11.415114440607036,49.983187613451683],[11.415226574458458,49.983635423969851],[11.415431910874581,49.984455412288931],[11.415440344218696,49.984512083834225],[11.41543767044185,49.984568511021259],[11.415428575908352,49.984610092876892],[11.41538879338361,49.984745792733804],[11.414931207714968,49.986306555030986],[11.414686708746604,49.98716766045569],[11.414681446375118,49.987184393325187],[11.414657090788639,49.98723861896066],[11.414622386218889,49.987290448921669],[11.414589218518161,49.987327937456129],[11.414473013739366,49.987445753455063],[11.414402357885507,49.987517387779242],[11.414250177697156,49.987671675157834],[11.414238840369801,49.987682802063688],[11.414185233584044,49.98772743900345],[11.414133564784203,49.987761472472656],[11.413121669446756,49.988360890752581],[11.413111476743849,49.98836681034846],[11.413042335022425,49.988401449030398],[11.413019646033495,49.988410997924987],[11.41248094964028,49.988628206579641],[11.411909106247061,49.98885877557565],[11.411871420242459,49.988872933135205],[11.411604373986316,49.988966166582827],[11.410928317801364,49.989202192960008],[11.409234987679152,49.989951010611968],[11.409100443518721,49.990011430091585],[11.408931148183134,49.99008745512505],[11.40850077648869,49.990280718639326],[11.407981616524683,49.990668078602063],[11.407917309895662,49.990709975564791],[11.407848161032417,49.990744611244743]]]},"properties":{"FID":2,"Id":0,"GEBBEZ":"EZG Plankenfels"}},{"type":"Feature","id":3,"geometry":{"type":"Polygon","coordinates":[[[11.432758243468138,49.952495940140579],[11.432290929123727,49.952959289109252],[11.431436659656557,49.953187923787056],[11.431224546287412,49.953261607938103],[11.430672206191499,49.953453478536957],[11.430589119588875,49.953453070869166],[11.429995884366724,49.953450158406845],[11.429274473258712,49.953446612582255],[11.427832339216792,49.95338132456444],[11.426707554710134,49.953172123354364],[11.42580787192758,49.952993118871504],[11.424999408054108,49.952727280412184],[11.424189912880111,49.952548709300991],[11.42418866537912,49.952552950273947],[11.424031613348768,49.95235677257709],[11.423946118646468,49.952249977610059],[11.423848602257943,49.952023167490381],[11.423702138610821,49.951699119012112],[11.423215777873036,49.950989434645052],[11.423100935849904,49.950115895179721],[11.423085729384793,49.949291348033221],[11.4230930642345,49.948677072944491],[11.423020803513792,49.948434221510027],[11.422915356402118,49.948336148078191],[11.422672600379197,49.94811036487198],[11.422605776622184,49.948048212912752],[11.421807997414993,49.947720918180487],[11.420836616046438,49.947247256425513],[11.419717086687868,49.946595019362753],[11.418971008381124,49.946138634351925],[11.418515088085519,49.945967246866388],[11.418161308890188,49.945834253563781],[11.417805110054417,49.945700347973947],[11.417232269502181,49.945422648021186],[11.416709730266421,49.945129032945601],[11.416578486734215,49.944884317314816],[11.416440233017033,49.944626528067786],[11.416379445630325,49.944535702059348],[11.416216065683772,49.944291584954676],[11.416071130275178,49.944075023185981],[11.415752256306586,49.943642812140169],[11.4156521320889,49.943507099761575],[11.41481646581909,49.942698622988964],[11.41424387394949,49.942404744164477],[11.41341982309662,49.94219042179617],[11.413140642090235,49.94206446296635],[11.413021209469226,49.94201057859695],[11.412673873699633,49.941733996398625],[11.412429288355417,49.941247774862518],[11.412258474301803,49.940875087917114],[11.411797436886967,49.940165484914502],[11.411422315993532,49.939738124467304],[11.41105626164279,49.939321085977021],[11.410737154982831,49.938785983283509],[11.410167198840831,49.938281936860918],[11.409296504238773,49.937792523875224],[11.408549077710946,49.937465393319897],[11.408407191073385,49.937290883687261],[11.408310766767917,49.936983235024812],[11.408062885045869,49.936771810964181],[11.40739081659904,49.936428891212316],[11.406666883120153,49.936231197815701],[11.405993441565315,49.936001426255672],[11.405670438932338,49.93578961241667],[11.405449010117369,49.935465154817905],[11.405152251648994,49.935156476668972],[11.404536726634083,49.934801706213115],[11.403639710335904,49.934425276809797],[11.402919416386048,49.933936588365285],[11.402399286545954,49.933465091694941],[11.402400359800309,49.93337827457966],[11.402402084253664,49.93323878014084],[11.402631273128831,49.93293280311066],[11.40266190941291,49.932480307967168],[11.402602278000941,49.932385814953307],[11.402416272103547,49.93209105538714],[11.402020380745512,49.931701027957743],[11.40111322144165,49.930633423439339],[11.400769040748846,49.930114329829109],[11.400172844931623,49.929723261220218],[11.399426006613485,49.929363742002835],[11.399323551789522,49.929337693452517],[11.398776934011364,49.929198718570682],[11.397678728241905,49.928902031099639],[11.396729575440522,49.928703104860098],[11.395879382904921,49.928601685410747],[11.394328039848746,49.928496598903699],[11.393126874787095,49.92842565872153],[11.391927338414179,49.928225384067211],[11.390877652418068,49.928058216003372],[11.39063270941873,49.927913560288204],[11.390380501898379,49.927764613299374],[11.390385393453967,49.927376650847989],[11.390443218502115,49.926762640189722],[11.390650060128729,49.926246408800743],[11.390955426895875,49.925860023076197],[11.391016501480417,49.924987370472437],[11.390875631686248,49.924242985586595],[11.390736395447664,49.923369281030752],[11.390596432730746,49.923071001762018],[11.39024487297498,49.922954147834602],[11.389819066026817,49.922818083108368],[11.389381256389276,49.922606675712672],[11.389349808103965,49.922574809110095],[11.389074260731796,49.922295586491714],[11.388923999967279,49.921627755246298],[11.388959847927731,49.92132967597302],[11.388986232347479,49.92111028450644],[11.388996378855403,49.921025918285942],[11.38909117661235,49.920700216346212],[11.389088140492564,49.920668945204916],[11.389610935584086,49.920357630477284],[11.390577336580851,49.920148809498514],[11.391332920943597,49.91993887552556],[11.392389651303677,49.919730513325923],[11.393236299262515,49.919462706110018],[11.393732040387523,49.919321261910554],[11.394173281962127,49.919195365374385],[11.395049052002118,49.919005478862132],[11.395808241423834,49.918503850303146],[11.396357101742444,49.917962231630035],[11.396698827153523,49.917496843228037],[11.396908567202354,49.917050215466084],[11.396979690783198,49.916987695439147],[11.397075290624324,49.916903658434641],[11.397241197976586,49.916822618230164],[11.398004957560969,49.916605447571122],[11.398362029511022,49.916451685750026],[11.398581367402242,49.916357638784909],[11.398833859620542,49.916249375440401],[11.399128831700548,49.915988816525399],[11.399155621897053,49.915874291853555],[11.399087491046085,49.915742895445263],[11.398692043271955,49.915413237174853],[11.398485012464933,49.915231979162563],[11.398463466721836,49.915084005048321],[11.398434190092919,49.914919856177221],[11.398476243907187,49.914675354404643],[11.398523555787074,49.914456072635069],[11.398520667376799,49.914240128646789],[11.398450056003403,49.914092211183601],[11.3980958792386,49.913718751804154],[11.397553430331728,49.913091424035329],[11.397403046929346,49.912874782252544],[11.396629405417412,49.911760238043101],[11.396181487485261,49.910955701617318],[11.395980462980903,49.910679565494505],[11.395793264933289,49.910422418310773],[11.395231000049376,49.909992708073986],[11.394654038783175,49.909642608188193],[11.393957768705775,49.909185628483328],[11.393711380283623,49.908934648198468],[11.393411653117395,49.908345150853947],[11.393290266083245,49.907747731484875],[11.393270996238824,49.907535125958809],[11.393262539335662,49.907328057698237],[11.393933877855927,49.907344708679339],[11.395118333517772,49.907073522669243],[11.395860759985901,49.906785254403523],[11.396175671267994,49.906662978944489],[11.396632122163584,49.906221565543341],[11.397047347131261,49.905641251104228],[11.397461527415977,49.905144140328169],[11.397961804485933,49.904809456540562],[11.398284343006287,49.904593674898635],[11.398953225505078,49.904333643342909],[11.400139126725756,49.903937597609072],[11.400785832914654,49.903732913359619],[11.403420612868558,49.902938659100535],[11.40389937131439,49.902820696244518],[11.404798995503819,49.902599028902216],[11.407083526444557,49.901903439420686],[11.407772947263375,49.901712803569374],[11.408984407377195,49.901410409851721],[11.409503406408659,49.901107947499895],[11.40981962005033,49.900906894835607],[11.409567101105113,49.900733991923595],[11.409074167684985,49.900073845163547],[11.408963264339995,49.899866396222087],[11.408716039430097,49.899403946121879],[11.408719269886333,49.899139515703652],[11.408786797849261,49.898903250877439],[11.409115254434747,49.898473458271283],[11.409597069098393,49.897835673295944],[11.410080738207,49.897044794915161],[11.410387962907285,49.896587054526194],[11.410563542650076,49.896323500741126],[11.410803076698182,49.896115943744419],[11.411344571764873,49.89588208287789],[11.411755778841641,49.89573106895908],[11.41192378780662,49.89560716768537],[11.411994449952985,49.895345945100274],[11.411842106004315,49.894923736411997],[11.411666917956198,49.894530476765929],[11.411603143812885,49.894224975638039],[11.411653253674022,49.893803793372186],[11.411814244079517,49.893513964687841],[11.412105320604073,49.893163032606033],[11.412266129730904,49.892887734024164],[11.412292153492736,49.892597219817041],[11.412249633981418,49.892393552849825],[11.412094826369172,49.892174783334241],[11.411760604317257,49.891911507974754],[11.410573594659983,49.891484046666712],[11.410147287666961,49.891394685978639],[11.40982759792157,49.891358590418868],[11.40996581045383,49.891270694627735],[11.410264506278084,49.891103109211898],[11.410529400447741,49.890845161882076],[11.411092159188502,49.890487263745186],[11.411828575968393,49.890197886038457],[11.412895941035847,49.889597334935452],[11.413249335876952,49.889398037807418],[11.413827132997961,49.889072183279865],[11.414005288784484,49.888963797781251],[11.414231447921619,49.888826206264788],[11.414410975951011,49.888409987887648],[11.414643116724676,49.887971487822824],[11.414923747417093,49.887490954841951],[11.415208887471698,49.887293101951251],[11.415504426393239,49.887088031766595],[11.415997042058313,49.886752303142259],[11.416000211209399,49.886751096361422],[11.416610560345919,49.886518644336583],[11.417466980968321,49.886398938754255],[11.418704535348356,49.886506609261126],[11.418771581060538,49.886520569408283],[11.419592198198584,49.886691433159655],[11.420267313906772,49.886776542969045],[11.42030860801759,49.886777433540544],[11.42094763676719,49.886791214642741],[11.421681784553789,49.886682140932223],[11.422010997585717,49.88659703497332],[11.422451899285351,49.886483052255691],[11.423413796603533,49.886296186293016],[11.424671354179051,49.886189694260409],[11.425750972687194,49.886006210443242],[11.426418646644329,49.885614936863334],[11.426888599204519,49.88552159683563],[11.427083242258439,49.885482937217823],[11.427502374670942,49.885451185384504],[11.428061217501396,49.885408848447611],[11.428097991687707,49.885397193496622],[11.428586627525398,49.885242332560132],[11.42895487738077,49.885086315938402],[11.4293941099856,49.884829183584856],[11.429725189762912,49.884495420506362],[11.430395462748816,49.883878664108245],[11.430879538025305,49.883550729562103],[11.430940680242488,49.883509309039049],[11.431100466853888,49.883229204096047],[11.431101008141241,49.883228254634396],[11.431091482883284,49.882182578024619],[11.431189870042335,49.88134002816075],[11.431280610564148,49.880562919097038],[11.431495910923173,49.880056659837827],[11.431508069306272,49.880042478132317],[11.432150372918201,49.879293257745118],[11.433048338959935,49.878218198595661],[11.433262027447357,49.877847212288849],[11.43354904818837,49.877172194760654],[11.434243378527395,49.876405757494972],[11.434291316454122,49.876352840857827],[11.435099618204879,49.87570073451257],[11.435277507618489,49.875557216932968],[11.435947060432239,49.874985518139781],[11.436342148591782,49.874855678840618],[11.4369625227328,49.874563531896335],[11.438311740310212,49.874089679371075],[11.439431588096596,49.873670134233372],[11.44049381434648,49.873287252212727],[11.441611495309994,49.873052441272606],[11.442499192781744,49.872927375394823],[11.442506345481148,49.872921494776321],[11.443191869671844,49.872357926070279],[11.443446184552519,49.872159476116202],[11.444086122399844,49.871660100987519],[11.445008511046099,49.870999358183205],[11.445731707531735,49.870793967215988],[11.44687992854816,49.870467854391464],[11.447652799890793,49.870379154223784],[11.449568679784599,49.870332831710407],[11.450374590291663,49.87024617712806],[11.451271835716891,49.870149693365661],[11.451543610575117,49.870120467884306],[11.45326675326435,49.869763760425698],[11.453463436735573,49.869723043236441],[11.454753110597359,49.869433485446677],[11.456963860366399,49.869217518245371],[11.457992719380149,49.869240807583679],[11.459878725941843,49.869305035309068],[11.460327439294298,49.869307124007868],[11.460553776708668,49.869308176918409],[11.46076486927994,49.869309158512387],[11.462083688346691,49.868964225994006],[11.463144404019928,49.868691989670701],[11.464349872325956,49.868254123343647],[11.465562514976362,49.867811657201266],[11.466337548910429,49.867519598999827],[11.466970466360415,49.867152976094168],[11.467257118621841,49.86708038571868],[11.467320610715987,49.867091497675972],[11.467799199925846,49.867175257677538],[11.468626921282635,49.867289912923781],[11.469511611770345,49.867423299673995],[11.470454890935381,49.86742761016712],[11.471370189164615,49.86737635582837],[11.472114181915341,49.867305836985054],[11.47220739719134,49.86730626119936],[11.472657280754978,49.86730830752505],[11.472690630812012,49.867312506775747],[11.473570768088077,49.867423317366409],[11.475204462930629,49.867684775316157],[11.476040762649948,49.867923518076125],[11.476059397197453,49.867928837554025],[11.476142954315275,49.868132458402577],[11.47872467173141,49.869372504276903],[11.480343334832632,49.87046991502627],[11.480649234740541,49.87078015951068],[11.480617442390489,49.870844348448919],[11.480505567072445,49.871070222058485],[11.480305285782094,49.871396368558017],[11.480297490511571,49.872123098336175],[11.48048978758596,49.872541850117912],[11.48087575440341,49.873252172504799],[11.481120588551908,49.874016371147036],[11.481418543336558,49.87507151148499],[11.483316065292653,49.876638802458928],[11.483378875688034,49.877122226774766],[11.483035075527276,49.877494033313226],[11.482962189185082,49.877954892227756],[11.482956329105038,49.878503893554523],[11.483292172506491,49.878878729183285],[11.483543419252653,49.879225024694172],[11.483995521021685,49.879848147938439],[11.484530377425527,49.880685048548756],[11.484729842749118,49.881103195096657],[11.485101105451422,49.881346415776562],[11.485643460322372,49.881480588799796],[11.486356442156495,49.881549631091588],[11.487102711227696,49.881684700043444],[11.487405553840897,49.881971533021201],[11.487521220098069,49.882358985980154],[11.487569671792514,49.882521285146616],[11.487532201453035,49.882850536148737],[11.487460045276746,49.883245516808202],[11.487456791606682,49.883552957349288],[11.487521512264728,49.883860698201957],[11.487824369492309,49.884147530022695],[11.48822044832535,49.884456616153855],[11.489147516609957,49.885180045479643],[11.489548883182664,49.885796722843153],[11.489885523325631,49.886105658476446],[11.490393262684446,49.886305539761658],[11.490837769210959,49.886659150051244],[11.490865172875511,49.886680950486763],[11.491369925151941,49.887166307483326],[11.491364619864246,49.887671388456575],[11.491358391714391,49.888264310675851],[11.491599802773878,49.888743021816829],[11.49169900560617,49.8890069898261],[11.491682573684015,49.889022103097147],[11.491390096438776,49.889291129765049],[11.490979442222644,49.889552860906925],[11.490263794154554,49.889725407283834],[11.489752315528557,49.889876885922213],[11.488624593404699,49.890442906982635],[11.487905439929476,49.890944839427156],[11.487290339236919,49.891249576972378],[11.486745075556062,49.891378933259894],[11.485792142714464,49.891484517290593],[11.485179356998305,49.891569642897601],[11.484667843083438,49.891721099846691],[11.484223842313924,49.891916776035082],[11.483809224854379,49.892262095841566],[11.483777964779605,49.89228813095945],[11.48327054294441,49.892851367940992],[11.482753380048981,49.893529856661438],[11.482418296172371,49.893894528374958],[11.482118452856806,49.894220843043747],[11.481844956301654,49.894494289817942],[11.481763377290649,49.894893441665026],[11.4817720371405,49.895001256372623],[11.481797485141829,49.895318080081864],[11.482412443015912,49.895645433119377],[11.483104981996652,49.895948158755971],[11.483604000245544,49.896274987866015],[11.48425630531532,49.896727346342026],[11.484488207653696,49.897187271205588],[11.484521292691904,49.897252889238345],[11.484629277859508,49.89800246235513],[11.484471736620762,49.898276430231874],[11.48385140655231,49.898448459643191],[11.483269725196196,49.898620658792169],[11.482942576120383,49.898796980962537],[11.482764281745522,49.898893074177224],[11.482565135990395,49.899441520858716],[11.482790396792083,49.900066769467969],[11.483136431293342,49.90024310027156],[11.483481136040483,49.90054427219647],[11.483516594781428,49.900844068510914],[11.483163355741846,49.901341889421452],[11.483007128755377,49.901491012969409],[11.48302321131994,49.901505480502273],[11.483357863239299,49.90180651981067],[11.483990205643309,49.902220615972098],[11.484833710967521,49.902738466522933],[11.484984873018833,49.90349315449329],[11.485031006275875,49.904144555135467],[11.485287938669487,49.90493398438938],[11.48602064281808,49.905896889204342],[11.486064972132892,49.906719648584676],[11.486104205826052,49.908022213251741],[11.486360448253782,49.908880183984103],[11.4875744882902,49.909502473558327],[11.48826112380732,49.909813965639707],[11.48846941496271,49.910191892126093],[11.488313826252009,49.910348600954286],[11.487825685399541,49.910840247145195],[11.486490921365874,49.911588361845801],[11.485637770057803,49.911961590419693],[11.484041151040135,49.912995554865354],[11.483371153302359,49.913609494879452],[11.482862009063794,49.914069917923548],[11.482422504655876,49.91423754515629],[11.482329067793831,49.914273181701034],[11.480734450490234,49.914488832374396],[11.478447445095499,49.914924128229202],[11.477657623349881,49.915194180322821],[11.477062310552874,49.915397720772816],[11.476664437893492,49.915991427043558],[11.476544796130874,49.916298158081581],[11.476364172723821,49.916761223698181],[11.475990774783966,49.917543541338958],[11.475808972941905,49.917586849792194],[11.475012347969832,49.917682673655335],[11.474792406570566,49.917703267476249],[11.474189750969492,49.917996530634326],[11.473412187615091,49.91851907840352],[11.473063113695073,49.919071255384871],[11.472806672467549,49.920148567876545],[11.472815709798967,49.920172932742844],[11.473184606151579,49.92071232661921],[11.473316084133897,49.920834397025679],[11.473694071323928,49.921185335841074],[11.474547814882371,49.92154915032296],[11.475613883912674,49.922107734961521],[11.475688291664124,49.922226171399096],[11.476119787161137,49.922912975376462],[11.476112105791692,49.923622049463773],[11.476115553025302,49.923625109684863],[11.476139904442624,49.923668602226485],[11.476187908033102,49.923677537589889],[11.476216518846831,49.923712607836933],[11.476245815009845,49.923729613347554],[11.47626407335491,49.923751993799144],[11.476248829918022,49.923784183327996],[11.476236105661313,49.923812675770101],[11.476239698291062,49.923856000717805],[11.47622513830682,49.923865649900435],[11.476198008233807,49.923885130605527],[11.476199801902988,49.923906761345485],[11.476200453257107,49.923939941207081],[11.476147154611674,49.923975263124952],[11.476135364134482,49.924047059345874],[11.476191924267876,49.92407989055674],[11.476156365837848,49.924154978410556],[11.476146879996838,49.924236321394979],[11.476124834689843,49.92426634871498],[11.476107914729891,49.924291653040235],[11.476136636773207,49.924308325130283],[11.476151252242619,49.924327062414804],[11.4761108241405,49.924353854570299],[11.476097716772481,49.924364541253652],[11.476130526706172,49.924420331488498],[11.476116117144462,49.92446236550181],[11.476117930105705,49.924484228964239],[11.476119384986644,49.924558344086698],[11.476141741593446,49.924584221834081],[11.476123259301945,49.92459647019502],[11.476116924461898,49.924763787687361],[11.476120878497968,49.924811471036776],[11.476109679499787,49.924875738544593],[11.476126933122128,49.924913905066063],[11.476128439689258,49.924990650518652],[11.476048979260707,49.925063113489685],[11.476051817578991,49.925097342225989],[11.476052083721967,49.925110900673587],[11.476069208940016,49.925164880458823],[11.476038189369298,49.925207130488047],[11.476089852301069,49.925237118363476],[11.476074745471037,49.925281185588922],[11.476077358005174,49.925312691071156],[11.476078064047586,49.925348658394675],[11.476079187335083,49.925362204487136],[11.476066693724182,49.925398648744554],[11.476011665312482,49.925399098936317],[11.475985221287022,49.925418086338404],[11.475926336999105,49.925428697011384],[11.475906443700829,49.925528246791956],[11.475879323346447,49.925546219211903],[11.47586707364797,49.925573647584159],[11.475853327697269,49.92558275688922],[11.475840156918409,49.925592213730965],[11.475812492056248,49.925601620338455],[11.475784855260812,49.92561157147091],[11.475788540769351,49.92565601910659],[11.47576004004585,49.925665709895092],[11.475746869226308,49.925675166726727],[11.475714687574289,49.925686109081347],[11.475624407043544,49.925707176608839],[11.475490286176505,49.92570827331042],[11.474671948265643,49.926900432566214],[11.474344925228575,49.927403089823365],[11.474345098239807,49.927405177000445],[11.474345714974637,49.927436648424084],[11.474346831501194,49.927450117985011],[11.474347007711787,49.927459109820269],[11.474349985120581,49.927495028649005],[11.47435068996791,49.927530995989663],[11.474353332451276,49.927562874254285],[11.474342604389662,49.927649209339592],[11.474302374706808,49.927675866949563],[11.474289690230556,49.927694834447415],[11.47431956932042,49.927712177718888],[11.474320609624698,49.927765263929516],[11.474336015520514,49.927783095989874],[11.474350766240768,49.927804465858131],[11.4742775741913,49.927871205379546],[11.474189446991895,49.928030694406203],[11.474158192303266,49.928100667654803],[11.474137329804694,49.92812907979993],[11.474118262480056,49.928156743444745],[11.474104975722115,49.928174838326584],[11.474092264150825,49.928193280753483],[11.474078977373486,49.928211375632529],[11.474036667577952,49.928282130759442],[11.474007915869677,49.92832588260692],[11.473879599433214,49.929496377931919],[11.473892845680957,49.929499191788317],[11.474035093405341,49.929525669123329],[11.474134177742977,49.929549183136153],[11.474134764632918,49.929579134477557],[11.47408117780914,49.929614641431222],[11.47401462656501,49.929670215374991],[11.474000879118988,49.929679324477377],[11.473975627778046,49.929725021308407],[11.473949801176008,49.929770370587427],[11.473915273380916,49.929847668190689],[11.473845343587241,49.929907533890805],[11.473832478791445,49.929926197814702],[11.473787479218334,49.930336663967154],[11.473539588589023,49.930983339864568],[11.473553917859769,49.930994053838184],[11.473582251653216,49.931028781888187],[11.47364619775133,49.931076594133074],[11.473628855371144,49.931127169227459],[11.473572068569224,49.931146474379155],[11.473547698354635,49.931164978737037],[11.47357642371102,49.931181651395164],[11.473605376179131,49.931208200239247],[11.473634123260751,49.93122488546539],[11.47364943885816,49.931252237890575],[11.473669818962552,49.931275826196348],[11.473691651527565,49.931260152729358],[11.473706212869331,49.93125102629962],[11.473733882619474,49.931268426983273],[11.473748532612737,49.931276930015194],[11.473762644198162,49.931285804359291],[11.473791214763677,49.931294010301698],[11.473820571728032,49.931312471964269],[11.473821254925994,49.931347346201321],[11.473844719129213,49.931360965048626],[11.473906721608012,49.931372505469611],[11.473921856714762,49.931399535155848],[11.47400169450632,49.931396777571251],[11.474047412313904,49.931403963408869],[11.473977767513196,49.93151400105765],[11.473937018568574,49.931569491990651],[11.473905237344248,49.931615598020997],[11.473865489062149,49.931661244385062],[11.473852776529037,49.931679686790844],[11.47381227817594,49.931726194389725],[11.473788235873748,49.931780015700561],[11.473721344092565,49.931848481433335],[11.473723240115119,49.931871355233184],[11.473709486605665,49.931880467883175],[11.473675538662874,49.931916428947922],[11.473709377766703,49.931955594326354],[11.473673249197835,49.931979531938921],[11.473659611951774,49.931999315589458],[11.473632860127791,49.932017040440705],[11.473634376553036,49.93203533505686],[11.473601141301346,49.932080593034392],[11.473582072188242,49.932108256602085],[11.473568323981393,49.932117365661355],[11.473543707443623,49.932153076805271],[11.473502401573072,49.93219073711478],[11.473487085813305,49.932225022287433],[11.473434313682167,49.93223733430105],[11.473407389362414,49.932256662596764],[11.473383384107393,49.932310399338185],[11.473344551172644,49.932336128368149],[11.473307480720432,49.932375396319948],[11.473238537427912,49.932475410579222],[11.473185787202747,49.932539325291089],[11.473173074188354,49.932557767627173],[11.473159785921212,49.932575862411781],[11.473147072887661,49.93259430474518],[11.473107323107413,49.93263995086523],[11.473016145565611,49.932759018709589],[11.47284592716616,49.932978364343775],[11.472713921891007,49.933150745847755],[11.472624738496126,49.93328011709233],[11.472597759876317,49.93329799126046],[11.472584630383516,49.933327380402233],[11.472545696821346,49.933380394757584],[11.472445371798356,49.933548141946979],[11.472406939651748,49.93365358186783],[11.472394110826796,49.933680662345175],[11.472370696060588,49.933762301951376],[11.472340260854331,49.933865433652741],[11.472278939688611,49.934111069122338],[11.472267944395359,49.934205277212129],[11.472249258269661,49.934230720700327],[11.472231867085105,49.934336551235127],[11.472234458362053,49.934367821984601],[11.472234810140788,49.934385805653108],[11.472236298366912,49.934403765083729],[11.472236946922736,49.934436920463732],[11.472254850290332,49.934493355386117],[11.47224199253699,49.934520496295157],[11.472220253796747,49.934607574146128],[11.472203111853922,49.934657556918559],[11.472139506850553,49.934782305208948],[11.472061369853117,49.934910312965386],[11.471961016793776,49.935021245697747],[11.471948302687613,49.935039687909232],[11.471901049282431,49.935093946050159],[11.471825843147009,49.935170912404431],[11.471802235688928,49.935186552152423],[11.471786285134719,49.935209688724306],[11.471673542327826,49.935284379642539],[11.471612850596353,49.935298537425737],[11.471572292798649,49.935317573279804],[11.47151683548692,49.935330509949111],[11.471462758328919,49.935355891041247],[11.471430569290696,49.935366832301632],[11.471352476196818,49.935385049143029],[11.471325380144995,49.935394802321483],[11.471242657406938,49.935422920135714],[11.470989385885298,49.935477473061191],[11.470823280346309,49.935507390978273],[11.470455375603423,49.935557096710703],[11.470391807158769,49.935569068001477],[11.470315286769635,49.935550908358834],[11.470288002534334,49.935551849841737],[11.470224191834019,49.935552368789992],[11.470130993598257,49.935564684633142],[11.470079496674904,49.935565103371154],[11.470052379395973,49.935574863765154],[11.470011901211482,49.935575192880769],[11.469968528410179,49.935585819258677],[11.469925562360839,49.935586168570914],[11.469699850396802,49.935621052631618],[11.469486552859378,49.935661219378517],[11.46941658017184,49.93567836235232],[11.469357300775393,49.935689038519406],[11.469278739870024,49.935708285451142],[11.46911893199781,49.935745560295807],[11.469086130701871,49.935757366153346],[11.46897542692995,49.935783187368401],[11.468797360010141,49.935831073509803],[11.468631932596354,49.935874806877109],[11.468506191063629,49.935910887352989],[11.468384552885105,49.935943043963263],[11.468353154789764,49.935954344475661],[11.468116834568832,49.9360251169782],[11.467973151716842,49.936068926144522],[11.467876787752179,49.936097784582259],[11.467646574937454,49.936168991953913],[11.467602767685268,49.936184758215667],[11.467479018315339,49.936223194859409],[11.466928965387199,49.936408677465167],[11.466482736148091,49.936569270064801],[11.466124884675583,49.936719961411136],[11.466028977150858,49.936757804158532],[11.465988415876065,49.936776838105857],[11.465947279325071,49.936795524453622],[11.465906717985916,49.936814558373186],[11.465879044752345,49.93682396271879],[11.465773278110595,49.936868500279282],[11.465736733917987,49.936894726616465],[11.465714423537037,49.936909504148048],[11.465661335921601,49.936927545046231],[11.465648160090776,49.93693700078947],[11.465632725205099,49.936947224228071],[11.465579637516829,49.936965265089817],[11.465498514226738,49.937003332665462],[11.465443167368887,49.937022141160419],[11.465368804169989,49.937057036355185],[11.465184148433419,49.9371355967548],[11.465170972451835,49.937145052445736],[11.465143298881515,49.937154456620206],[11.465106565575393,49.937167675668348],[11.464960498679631,49.937229181518184],[11.464857180062591,49.937277663262336],[11.464815583970882,49.937287363399605],[11.46478283997137,49.93729914668274],[11.464706785765824,49.937334834528613],[11.464556562109637,49.937400817630362],[11.464383159459812,49.937477676770762],[11.464325212965786,49.937504867320918],[11.464297539019725,49.937514271298468],[11.464256976415745,49.937533304657421],[11.464125726918288,49.937589852274947],[11.463915272039227,49.937694493920368],[11.463834262262459,49.937722021630165],[11.463773417804276,49.937750571427323],[11.463675216760764,49.93779517570141],[11.463615359076595,49.937826546250967],[11.463537726734037,49.937852925960648],[11.463466435038599,49.937882943727274],[11.463397909818314,49.937911206772924],[11.463309128101542,49.937948588602588],[11.463013261591575,49.937984981639332],[11.462996195319244,49.937964059964528],[11.462945413826414,49.937934581539281],[11.462979861227227,49.937911767065813],[11.462992186997647,49.937881203535071],[11.462864371653342,49.937807007054708],[11.462797680045306,49.937752766780029],[11.462762834460484,49.937753966879555],[11.462676874687576,49.937754660394624],[11.462650667564114,49.937738176974349],[11.462622094940047,49.937729968322849],[11.462607066897389,49.937703120959341],[11.462591057331199,49.937694645408548],[11.462541251802406,49.937730385232527],[11.462472034569361,49.937606729035352],[11.462420961148986,49.937608487885257],[11.46240897180772,49.937597491947756],[11.46215701426512,49.937626775815829],[11.462158174512465,49.937640811399667],[11.462092376548918,49.937656153523278],[11.4620760856573,49.937636181652969],[11.461943695557927,49.937651568415305],[11.461935299977622,49.937654421118424],[11.461894736296777,49.937673453666015],[11.461839216705632,49.937683448433916],[11.46179865296171,49.937702480948687],[11.461677411692044,49.937738780445635],[11.461604644460861,49.937724412197255],[11.461560545889157,49.937716200318192],[11.461533570716037,49.937699233298808],[11.460546656891543,49.937813926533757],[11.459085050571186,49.938084002778439],[11.458408913437635,49.938276596280936],[11.458281571728888,49.938312868098741],[11.458271341152477,49.938320208497416],[11.45824575804358,49.938323069179418],[11.458049484713365,49.938378974913554],[11.458042819731167,49.938393881523083],[11.45798081834765,49.938405040782897],[11.45796614429041,49.938530440827826],[11.45795421659844,49.938575507950461],[11.457954993303488,49.93858491346591],[11.457899901843518,49.938603630006547],[11.457887638818535,49.938631056624949],[11.457874340234312,49.938659106575699],[11.457790987451817,49.93868742436792],[11.457750903481179,49.938687746055052],[11.457543226395906,49.938710323273625],[11.457345676519806,49.938730170592123],[11.457113446393723,49.938755416167602],[11.45700223293375,49.938766589104546],[11.456697588436336,49.938800212413355],[11.456586374762949,49.938811384954199],[11.456062284448921,49.938867441505629],[11.455557164394456,49.938981207549162],[11.453925152771367,49.939139666365215],[11.453564105809644,49.939137966671026],[11.453367712469488,49.939165608728963],[11.452965361179505,49.939233033454258],[11.452659518560779,49.939307907967368],[11.452318936024156,49.939420680369054],[11.452272962388173,49.939437217282354],[11.452119025949216,49.939518784862209],[11.452093302829066,49.939539228548519],[11.451599528339058,49.939931650709013],[11.451117634898752,49.940148543618612],[11.451026802693749,49.940231133958477],[11.450931089473505,49.940253439902051],[11.450884101844588,49.940270340537339],[11.450876642685476,49.940257009081947],[11.45056459959206,49.940397451579955],[11.45054625753691,49.940404512270362],[11.449938814495711,49.940638362712555],[11.449229882628336,49.941394133601868],[11.448238411377762,49.942477661186679],[11.448090375147308,49.942678503428773],[11.447887715675096,49.942953452372002],[11.447851645264086,49.943002388387036],[11.447846832446034,49.943423619004683],[11.448140186149892,49.943934028105346],[11.448680725907792,49.944234985287046],[11.448977295449662,49.944464572155887],[11.449626638119753,49.944766042398449],[11.450070521672057,49.944938218728936],[11.449462962993502,49.945065715174032],[11.448970843281147,49.94519375667673],[11.448217482952142,49.945450932414765],[11.447461560467627,49.945931594980713],[11.446790501232256,49.946561660411462],[11.446120279803292,49.947117225221319],[11.445017534867326,49.947633465720955],[11.444212785837397,49.947902083501269],[11.444068596525415,49.947950211812604],[11.442561947633227,49.948445868262716],[11.440993661673566,49.949276466237144],[11.439714608955493,49.950052562311299],[11.438785127993606,49.950550955887593],[11.437114362058256,49.950964802577261],[11.43568754677289,49.951318199173592],[11.43450039786271,49.951629051176901],[11.433571926196544,49.952034280484604],[11.433387134401798,49.95213912673632],[11.432758243468138,49.952495940140579]]]},"properties":{"FID":3,"Id":1,"GEBBEZ":"EZG Wehr"}}]}